PUMA,CDD,HDD
100100.0,2749.0,1420.0
100200.0,1609.0,3469.0
100302.0,2271.0,1838.0
100301.0,1671.0,3262.0
100400.0,1541.0,3529.0
100500.0,1626.0,3360.0
100600.0,1558.0,3284.0
100700.0,1566.0,3439.0
100800.0,1596.0,2847.0
100900.0,384.0,6834.0
101000.0,1836.0,2763.0
101100.0,1237.0,3912.0
101200.0,3125.0,789.0
101303.0,1450.0,3622.0
101302.0,1881.0,2823.0
101301.0,1699.0,3169.0
101305.0,1271.0,3983.0
101304.0,1271.0,3983.0
101400.0,1597.0,3515.0
101500.0,1893.0,2787.0
101600.0,1908.0,2688.0
101700.0,2222.0,2321.0
101800.0,1417.0,3467.0
101900.0,1630.0,2732.0
102000.0,775.0,4457.0
102100.0,2252.0,2194.0
102200.0,2101.0,2169.0
102300.0,2245.0,2035.0
102400.0,326.0,7875.0
102500.0,2071.0,2268.0
102600.0,2262.0,1818.0
102703.0,2194.0,2434.0
102702.0,1976.0,2305.0
102701.0,2973.0,1159.0
200102.0,10.0,12113.0
200101.0,0.0,11166.0
200200.0,0.0,10672.0
200300.0,0.0,13380.0
200400.0,21.0,13887.0
400129.0,592.0,5743.0
400116.0,3488.0,1535.0
400130.0,4166.0,1173.0
400128.0,3488.0,1535.0
400121.0,3917.0,1401.0
400113.0,3296.0,1534.0
400124.0,3917.0,1401.0
400118.0,4189.0,1125.0
400105.0,3438.0,1663.0
400131.0,4379.0,1486.0
400127.0,3213.0,1453.0
400125.0,3488.0,1535.0
400117.0,3917.0,1401.0
400102.0,3737.0,1494.0
400101.0,634.0,4725.0
400103.0,3798.0,1271.0
400119.0,3213.0,1453.0
400114.0,3217.0,1760.0
400110.0,4189.0,1125.0
400134.0,1552.0,2866.0
400111.0,3644.0,1444.0
400123.0,3488.0,1535.0
400126.0,3655.0,1390.0
400132.0,3703.0,1497.0
400133.0,3703.0,1497.0
400107.0,3655.0,1390.0
400109.0,3426.0,1759.0
400112.0,3217.0,1760.0
400122.0,3213.0,1453.0
400120.0,3213.0,1453.0
400104.0,3337.0,1632.0
400108.0,3655.0,1390.0
400115.0,3217.0,1760.0
400100.0,3438.0,1663.0
400106.0,3426.0,1759.0
400202.0,3017.0,1578.0
400209.0,1879.0,2299.0
400203.0,2988.0,1510.0
400204.0,1779.0,2888.0
400206.0,2988.0,1510.0
400205.0,1739.0,2369.0
400201.0,520.0,6004.0
400207.0,2810.0,1831.0
400208.0,3017.0,1578.0
400300.0,113.0,7895.0
400400.0,41.0,8124.0
400500.0,951.0,4446.0
400600.0,3332.0,1950.0
400700.0,3785.0,1434.0
400803.0,3225.0,1709.0
400800.0,2035.0,2875.0
400805.0,3337.0,1632.0
400807.0,1956.0,2251.0
400900.0,2028.0,2416.0
500100.0,1269.0,4483.0
500200.0,1960.0,2937.0
500300.0,2452.0,2380.0
500400.0,1413.0,4249.0
500500.0,1286.0,4534.0
500600.0,1286.0,4534.0
500700.0,1867.0,3409.0
500800.0,1571.0,3848.0
500900.0,2196.0,2980.0
501000.0,2216.0,2715.0
501100.0,1425.0,4205.0
501200.0,1748.0,3278.0
501300.0,1960.0,2538.0
501400.0,1450.0,3800.0
501500.0,2057.0,2833.0
501600.0,1587.0,3857.0
501700.0,2099.0,2935.0
501800.0,2166.0,2419.0
501900.0,1973.0,2872.0
502000.0,1712.0,3716.0
600105.0,377.0,2400.0
600101.0,377.0,2400.0
600104.0,184.0,2720.0
600108.0,530.0,2367.0
600106.0,1186.0,1211.0
600110.0,786.0,2757.0
600102.0,142.0,2857.0
600109.0,142.0,2857.0
600107.0,569.0,2769.0
600103.0,142.0,2862.0
600300.0,1003.0,4314.0
600701.0,1334.0,2945.0
600702.0,1422.0,2818.0
601100.0,4388.0,903.0
601308.0,659.0,3426.0
601302.0,184.0,2720.0
601303.0,142.0,2857.0
601304.0,261.0,2810.0
601306.0,983.0,3245.0
601305.0,858.0,2755.0
601301.0,377.0,2400.0
601307.0,1726.0,2490.0
601309.0,452.0,2584.0
601500.0,314.0,5685.0
601700.0,493.0,5600.0
601907.0,788.0,4058.0
601902.0,1370.0,3616.0
601903.0,1784.0,2446.0
601904.0,1706.0,2670.0
601901.0,1784.0,2446.0
601905.0,93.0,6992.0
601906.0,1707.0,2505.0
602300.0,303.0,6839.0
602500.0,3952.0,1080.0
602901.0,1857.0,2668.0
602902.0,2286.0,2120.0
602905.0,677.0,4301.0
602903.0,1733.0,3241.0
602904.0,3236.0,1645.0
603100.0,1857.0,2538.0
603300.0,843.0,3083.0
603752.0,1506.0,928.0
603702.0,1139.0,2502.0
603708.0,1455.0,1575.0
603727.0,1455.0,1575.0
603729.0,893.0,1364.0
603732.0,959.0,1344.0
603722.0,893.0,1364.0
603715.0,1186.0,1211.0
603762.0,1837.0,949.0
603747.0,1186.0,1211.0
603705.0,1186.0,1211.0
603719.0,1837.0,949.0
603718.0,1066.0,4146.0
603706.0,1485.0,1822.0
603730.0,959.0,1344.0
603744.0,1506.0,928.0
603716.0,1712.0,1419.0
603736.0,1139.0,2502.0
603745.0,1506.0,928.0
603733.0,679.0,1274.0
603765.0,2566.0,2294.0
603724.0,1998.0,2704.0
603703.0,1733.0,3241.0
603710.0,1186.0,1211.0
603713.0,1294.0,1286.0
603721.0,1455.0,1575.0
603768.0,1258.0,3984.0
603738.0,1294.0,1286.0
603741.0,505.0,2009.0
603767.0,742.0,1526.0
603701.0,2286.0,2120.0
603757.0,1837.0,949.0
603720.0,1371.0,1560.0
603743.0,742.0,1526.0
603746.0,679.0,1274.0
603753.0,1506.0,928.0
603740.0,1837.0,949.0
603737.0,1837.0,949.0
603756.0,1186.0,1211.0
603763.0,1837.0,949.0
603704.0,1998.0,2704.0
603734.0,1506.0,928.0
603742.0,1506.0,928.0
603749.0,893.0,1364.0
603723.0,1998.0,2704.0
603707.0,1455.0,1575.0
603711.0,1191.0,1718.0
603761.0,742.0,1526.0
603717.0,742.0,1526.0
603726.0,1139.0,2502.0
603731.0,959.0,1344.0
603758.0,742.0,1526.0
603769.0,1186.0,1211.0
603735.0,1506.0,928.0
603751.0,742.0,1526.0
603714.0,1294.0,1286.0
603750.0,1186.0,1211.0
603760.0,959.0,1344.0
603712.0,1294.0,1286.0
603755.0,505.0,2009.0
603739.0,1186.0,1211.0
603766.0,679.0,1274.0
603728.0,893.0,1364.0
603759.0,866.0,1063.0
603709.0,1558.0,1398.0
603725.0,679.0,1274.0
603748.0,1801.0,2908.0
603754.0,1837.0,949.0
603764.0,369.0,9842.0
603900.0,1708.0,2672.0
604101.0,882.0,2907.0
604102.0,451.0,2621.0
604702.0,656.0,4942.0
604701.0,1547.0,2570.0
605301.0,405.0,2724.0
605303.0,882.0,2907.0
605302.0,131.0,2819.0
605500.0,717.0,2647.0
605700.0,423.0,5545.0
605901.0,2204.0,2234.0
605908.0,666.0,1756.0
605913.0,505.0,2009.0
605902.0,1294.0,1286.0
605912.0,666.0,1756.0
605904.0,1299.0,1153.0
605905.0,1313.0,1725.0
605909.0,1191.0,1718.0
605906.0,1294.0,1286.0
605914.0,543.0,1715.0
605910.0,2915.0,2228.0
605917.0,1299.0,1153.0
605916.0,1455.0,1575.0
605911.0,1299.0,1153.0
605915.0,1047.0,1514.0
605903.0,666.0,1756.0
605918.0,543.0,1715.0
605907.0,2132.0,3139.0
606101.0,1597.0,2226.0
606103.0,423.0,5545.0
606102.0,1597.0,2226.0
606512.0,666.0,1756.0
606503.0,1903.0,1914.0
606502.0,4224.0,951.0
606501.0,2922.0,2492.0
606505.0,753.0,3804.0
606510.0,1697.0,1674.0
606513.0,1534.0,1599.0
606508.0,1714.0,1904.0
606504.0,1710.0,2123.0
606515.0,4388.0,903.0
606514.0,543.0,1715.0
606506.0,1801.0,2908.0
606509.0,1697.0,1674.0
606511.0,963.0,4060.0
606507.0,1572.0,2146.0
606706.0,1597.0,2226.0
606703.0,119.0,6884.0
606709.0,1248.0,2666.0
606704.0,1248.0,2666.0
606708.0,1366.0,2992.0
606701.0,1534.0,2758.0
606710.0,1597.0,2226.0
606707.0,1248.0,2666.0
606711.0,6.0,8741.0
606702.0,1528.0,2532.0
606705.0,1597.0,2226.0
606712.0,1528.0,2532.0
607108.0,1937.0,1599.0
607110.0,1102.0,1794.0
607111.0,1863.0,1475.0
607103.0,1735.0,2929.0
607114.0,1191.0,1718.0
607115.0,1801.0,2908.0
607105.0,89.0,6548.0
607107.0,1714.0,1904.0
607113.0,1534.0,1599.0
607101.0,1494.0,4105.0
607109.0,1102.0,1794.0
607106.0,1937.0,1599.0
607104.0,1937.0,1599.0
607102.0,1707.0,2505.0
607112.0,1294.0,1286.0
607305.0,1047.0,1514.0
607313.0,862.0,1321.0
607315.0,866.0,1063.0
607301.0,1102.0,1794.0
607307.0,1036.0,2192.0
607321.0,862.0,1321.0
607311.0,666.0,1756.0
607303.0,1575.0,1295.0
607308.0,1313.0,1725.0
607318.0,1261.0,1313.0
607314.0,2204.0,2234.0
607309.0,1047.0,1514.0
607302.0,1382.0,1926.0
607319.0,1382.0,1926.0
607312.0,1313.0,1725.0
607322.0,457.0,4988.0
607320.0,1261.0,1313.0
607317.0,1186.0,1211.0
607306.0,1313.0,1725.0
607316.0,866.0,1063.0
607310.0,866.0,1063.0
607304.0,1047.0,1514.0
607506.0,164.0,2589.0
607507.0,142.0,2857.0
607505.0,142.0,2862.0
607504.0,164.0,2589.0
607502.0,164.0,2589.0
607501.0,385.0,2741.0
607503.0,164.0,2589.0
607704.0,1203.0,2686.0
607703.0,1056.0,2880.0
607702.0,1456.0,2563.0
607701.0,1203.0,2686.0
607901.0,121.0,2783.0
607902.0,155.0,6844.0
608103.0,142.0,2862.0
608104.0,32.0,3629.0
608105.0,422.0,2764.0
608106.0,422.0,2764.0
608102.0,377.0,2400.0
608101.0,72.0,3247.0
608302.0,470.0,1902.0
608301.0,121.0,2783.0
608303.0,470.0,1902.0
608514.0,400.0,2871.0
608512.0,811.0,2171.0
608501.0,422.0,2764.0
608513.0,429.0,1803.0
608509.0,811.0,2171.0
608511.0,811.0,2171.0
608505.0,400.0,2871.0
608504.0,811.0,2171.0
608508.0,613.0,2641.0
608510.0,811.0,2171.0
608506.0,747.0,4521.0
608502.0,530.0,2367.0
608503.0,530.0,2367.0
608507.0,400.0,2871.0
608701.0,131.0,2819.0
608702.0,162.0,2836.0
608900.0,1741.0,2961.0
609501.0,184.0,2720.0
609502.0,975.0,2649.0
609503.0,1420.0,2716.0
609701.0,288.0,3179.0
609702.0,526.0,2694.0
609703.0,819.0,2811.0
609904.0,1570.0,2358.0
609902.0,344.0,5987.0
609901.0,1470.0,2421.0
609903.0,570.0,6414.0
610100.0,312.0,5298.0
610701.0,1909.0,2507.0
610702.0,1976.0,2835.0
610703.0,3958.0,1118.0
611105.0,602.0,1904.0
611106.0,749.0,1589.0
611103.0,602.0,1904.0
611102.0,1139.0,2502.0
611104.0,404.0,1935.0
611101.0,429.0,1803.0
611300.0,1640.0,2527.0
800102.0,6.0,9833.0
800103.0,14.0,10168.0
800100.0,1388.0,4628.0
800200.0,361.0,6816.0
800300.0,759.0,5980.0
800400.0,29.0,9893.0
800600.0,3.0,9403.0
800700.0,549.0,7296.0
800823.0,494.0,6283.0
800808.0,494.0,6283.0
800806.0,496.0,5988.0
800813.0,569.0,6440.0
800816.0,496.0,5988.0
800818.0,435.0,6773.0
800820.0,695.0,6128.0
800824.0,547.0,9064.0
800821.0,695.0,6128.0
800810.0,695.0,6128.0
800803.0,587.0,6415.0
800819.0,1199.0,5335.0
800817.0,496.0,5988.0
800812.0,816.0,7353.0
800809.0,589.0,6058.0
800801.0,82.0,7774.0
800800.0,2089.0,2723.0
800814.0,998.0,4687.0
800804.0,43.0,7748.0
800802.0,440.0,6504.0
800811.0,88.0,8299.0
800815.0,695.0,6128.0
800807.0,569.0,6440.0
800822.0,644.0,6049.0
800805.0,0.0,10976.0
800900.0,0.0,11418.0
801001.0,528.0,6320.0
801002.0,1.0,11034.0
804106.0,1054.0,5205.0
804104.0,23.0,8646.0
804105.0,404.0,6480.0
804102.0,786.0,5246.0
804103.0,182.0,7464.0
804101.0,182.0,7464.0
900101.0,652.0,5854.0
900103.0,702.0,5382.0
900102.0,692.0,5582.0
900104.0,654.0,6121.0
900105.0,652.0,5854.0
900100.0,597.0,6159.0
900302.0,223.0,7523.0
900300.0,477.0,6904.0
900306.0,669.0,5791.0
900301.0,1446.0,3619.0
900304.0,759.0,6104.0
900303.0,1142.0,4777.0
900305.0,483.0,6475.0
900500.0,289.0,7014.0
900700.0,390.0,6401.0
900901.0,395.0,6825.0
900903.0,654.0,6121.0
900902.0,750.0,5168.0
900906.0,558.0,6271.0
900900.0,652.0,5854.0
900904.0,558.0,6271.0
900905.0,558.0,6271.0
901100.0,376.0,6688.0
901101.0,643.0,5397.0
901300.0,317.0,6783.0
901500.0,164.0,7586.0
1000102.0,1110.0,4431.0
1000104.0,1235.0,4759.0
1000103.0,837.0,5279.0
1000101.0,1125.0,4888.0
1000200.0,1619.0,3334.0
1000300.0,384.0,6886.0
1100101.0,949.0,4694.0
1100103.0,983.0,4990.0
1100102.0,983.0,4990.0
1100105.0,949.0,4694.0
1100104.0,1243.0,4571.0
1200102.0,2736.0,1148.0
1200101.0,2728.0,1321.0
1200500.0,1959.0,2748.0
1200901.0,3289.0,696.0
1200903.0,2736.0,1148.0
1200902.0,3289.0,696.0
1200904.0,3179.0,610.0
1201110.0,4200.0,219.0
1201109.0,3866.0,489.0
1201113.0,4098.0,178.0
1201107.0,4200.0,219.0
1201101.0,3427.0,285.0
1201106.0,4070.0,154.0
1201103.0,4200.0,219.0
1201105.0,4098.0,178.0
1201104.0,2551.0,1604.0
1201112.0,4200.0,219.0
1201114.0,4098.0,178.0
1201102.0,4098.0,178.0
1201108.0,4200.0,219.0
1201111.0,4361.0,149.0
1201500.0,3571.0,489.0
1201701.0,3098.0,636.0
1201900.0,1439.0,4119.0
1202101.0,3540.0,490.0
1202103.0,2245.0,2035.0
1202102.0,3631.0,329.0
1202300.0,3106.0,704.0
1202700.0,3145.0,626.0
1203106.0,2642.0,1338.0
1203102.0,2250.0,2070.0
1203103.0,2728.0,1321.0
1203104.0,2728.0,1321.0
1203107.0,2728.0,1321.0
1203101.0,2728.0,1321.0
1203105.0,2627.0,1354.0
1203301.0,2179.0,2076.0
1203302.0,2110.0,1986.0
1203500.0,3125.0,789.0
1205301.0,3096.0,721.0
1205708.0,3151.0,661.0
1205707.0,3037.0,724.0
1205701.0,3683.0,548.0
1205702.0,3482.0,591.0
1205704.0,3482.0,591.0
1205703.0,3482.0,591.0
1205706.0,2961.0,815.0
1205705.0,3145.0,626.0
1206100.0,3410.0,483.0
1206300.0,2159.0,2167.0
1206901.0,2659.0,1143.0
1206902.0,2416.0,1556.0
1206903.0,2799.0,1020.0
1207105.0,3535.0,466.0
1207102.0,3493.0,543.0
1207101.0,3631.0,329.0
1207104.0,3884.0,239.0
1207103.0,3324.0,556.0
1207301.0,1749.0,3961.0
1207300.0,2551.0,1604.0
1208102.0,4109.0,201.0
1208101.0,3866.0,489.0
1208103.0,3571.0,489.0
1208302.0,2961.0,910.0
1208303.0,2961.0,910.0
1208301.0,2736.0,1148.0
1208500.0,1742.0,3504.0
1208605.0,4361.0,149.0
1208604.0,4070.0,154.0
1208607.0,4361.0,149.0
1208618.0,3565.0,279.0
1208620.0,4361.0,149.0
1208621.0,4361.0,149.0
1208601.0,4361.0,149.0
1208602.0,4098.0,178.0
1208608.0,4098.0,178.0
1208612.0,4070.0,154.0
1208624.0,4070.0,154.0
1208617.0,4361.0,149.0
1208616.0,4070.0,154.0
1208613.0,3884.0,239.0
1208622.0,3884.0,239.0
1208614.0,4070.0,154.0
1208623.0,3565.0,279.0
1208609.0,999.0,6564.0
1208606.0,4361.0,149.0
1208603.0,4361.0,149.0
1208615.0,4361.0,149.0
1208610.0,3761.0,228.0
1208611.0,3565.0,279.0
1208619.0,3565.0,279.0
1208700.0,3917.0,220.0
1208900.0,1635.0,3893.0
1209100.0,2069.0,2275.0
1209300.0,3809.0,373.0
1209506.0,3866.0,489.0
1209502.0,2961.0,910.0
1209504.0,1287.0,4306.0
1209503.0,3866.0,489.0
1209501.0,3428.0,580.0
1209510.0,2991.0,799.0
1209509.0,3428.0,455.0
1209505.0,3428.0,580.0
1209508.0,3271.0,706.0
1209507.0,3428.0,580.0
1209702.0,1929.0,2487.0
1209701.0,3428.0,580.0
1209906.0,3999.0,246.0
1209903.0,3999.0,246.0
1209910.0,3427.0,285.0
1209911.0,3539.0,338.0
1209909.0,4200.0,219.0
1209908.0,2474.0,1461.0
1209905.0,3999.0,246.0
1209904.0,3999.0,246.0
1209901.0,3427.0,285.0
1209902.0,3999.0,246.0
1209907.0,3427.0,285.0
1210102.0,3096.0,721.0
1210103.0,3412.0,639.0
1210104.0,3262.0,657.0
1210101.0,3096.0,721.0
1210307.0,3151.0,661.0
1210304.0,3683.0,548.0
1210308.0,3626.0,409.0
1210303.0,2226.0,2009.0
1210301.0,3412.0,639.0
1210306.0,3683.0,548.0
1210305.0,718.0,7956.0
1210302.0,3412.0,639.0
1210503.0,1597.0,3515.0
1210501.0,3866.0,489.0
1210504.0,3098.0,636.0
1210502.0,3271.0,706.0
1210700.0,2914.0,1026.0
1210900.0,2642.0,1338.0
1211101.0,3105.0,520.0
1211102.0,3106.0,704.0
1211300.0,2650.0,1498.0
1211502.0,3493.0,543.0
1211503.0,3571.0,489.0
1211501.0,3324.0,556.0
1211701.0,2961.0,815.0
1211702.0,1566.0,3439.0
1211704.0,2304.0,1655.0
1211703.0,2991.0,799.0
1212100.0,788.0,7332.0
1212704.0,3289.0,696.0
1212703.0,2961.0,815.0
1212702.0,2819.0,967.0
1212701.0,3191.0,925.0
1300100.0,2930.0,1308.0
1300200.0,2491.0,1744.0
1300300.0,2046.0,2210.0
1300402.0,2454.0,1799.0
1300401.0,2749.0,1420.0
1300500.0,2404.0,1690.0
1300600.0,1191.0,4542.0
1300700.0,2167.0,2031.0
1300800.0,2264.0,2108.0
1300900.0,2264.0,2108.0
1301003.0,1535.0,3093.0
1301004.0,1535.0,3093.0
1301002.0,1608.0,3427.0
1301005.0,1327.0,3490.0
1301006.0,1549.0,3357.0
1301008.0,968.0,3995.0
1301001.0,1327.0,3490.0
1301007.0,1810.0,2827.0
1301100.0,2264.0,2108.0
1301200.0,346.0,6936.0
1301300.0,2250.0,2307.0
1301400.0,2115.0,2364.0
1301500.0,2023.0,2405.0
1301600.0,1640.0,3049.0
1301700.0,1785.0,2861.0
1301800.0,2248.0,1845.0
1301900.0,2404.0,1690.0
1302003.0,1935.0,2615.0
1302001.0,1118.0,3813.0
1302002.0,1935.0,2615.0
1302004.0,400.0,5754.0
1302100.0,877.0,4237.0
1302200.0,1708.0,2687.0
1302300.0,249.0,6542.0
1302400.0,1457.0,3219.0
1302500.0,1426.0,3456.0
1302600.0,1011.0,4265.0
1302700.0,1608.0,3427.0
1302800.0,1569.0,3231.0
1302900.0,1417.0,3467.0
1303005.0,1393.0,3534.0
1303002.0,1417.0,3467.0
1303004.0,1810.0,2827.0
1303001.0,635.0,5036.0
1303003.0,622.0,8303.0
1303101.0,1298.0,3401.0
1303102.0,1549.0,3357.0
1303200.0,752.0,4421.0
1303300.0,1950.0,2518.0
1303400.0,1531.0,3099.0
1303500.0,1101.0,4354.0
1303600.0,2000.0,2482.0
1303700.0,1467.0,3338.0
1303800.0,1093.0,4033.0
1303900.0,1168.0,3911.0
1304003.0,639.0,4755.0
1304005.0,2468.0,1728.0
1304001.0,2069.0,2275.0
1304002.0,770.0,4258.0
1304000.0,2250.0,2307.0
1304006.0,1708.0,2687.0
1304004.0,968.0,3995.0
1304100.0,1903.0,2571.0
1304200.0,2264.0,2108.0
1304300.0,1320.0,5169.0
1304400.0,1981.0,2444.0
1304500.0,2115.0,2364.0
1304600.0,1810.0,2827.0
1305002.0,1810.0,2827.0
1305001.0,2728.0,1321.0
1306001.0,862.0,5462.0
1306002.0,1417.0,3467.0
1500100.0,3490.0,4.0
1500200.0,3592.0,1.0
1500308.0,3806.0,0.0
1500303.0,3784.0,0.0
1500306.0,4295.0,0.0
1500304.0,2739.0,5.0
1500302.0,3784.0,0.0
1500307.0,2366.0,34.0
1500301.0,3352.0,2.0
1500305.0,2739.0,5.0
1600100.0,181.0,7370.0
1600200.0,193.0,7808.0
1600300.0,206.0,8250.0
1600400.0,897.0,6559.0
1600500.0,410.0,6749.0
1600600.0,831.0,5603.0
1600702.0,648.0,6325.0
1600701.0,410.0,6749.0
1600800.0,743.0,5730.0
1600900.0,988.0,5755.0
1601000.0,183.0,7787.0
1601100.0,322.0,7917.0
1601200.0,476.0,6720.0
1601300.0,0.0,11123.0
1700105.0,1100.0,6179.0
1700104.0,1054.0,6046.0
1700202.0,1165.0,5596.0
1700300.0,1010.0,5922.0
1700401.0,1993.0,3086.0
1700501.0,1175.0,5437.0
1700600.0,1027.0,5555.0
1700700.0,1152.0,5264.0
1700800.0,1512.0,4058.0
1700900.0,1414.0,4606.0
1701001.0,1027.0,5555.0
1701104.0,1161.0,5832.0
1701105.0,1501.0,4183.0
1701205.0,1125.0,5449.0
1701204.0,1527.0,4727.0
1701300.0,1165.0,5596.0
1701500.0,895.0,6268.0
1701602.0,234.0,8565.0
1701701.0,998.0,6097.0
1701900.0,1290.0,4712.0
1702000.0,982.0,6058.0
1702100.0,979.0,5916.0
1702200.0,895.0,6268.0
1702300.0,1751.0,3272.0
1702400.0,1443.0,4352.0
1702501.0,709.0,7163.0
1702601.0,736.0,6979.0
1702700.0,584.0,7408.0
1702801.0,768.0,6933.0
1702901.0,664.0,6969.0
1703007.0,873.0,5901.0
1703008.0,679.0,6975.0
1703005.0,661.0,6859.0
1703009.0,1042.0,5521.0
1703108.0,1236.0,5278.0
1703102.0,661.0,6859.0
1703106.0,629.0,7238.0
1703107.0,986.0,6002.0
1703105.0,809.0,6464.0
1703209.0,745.0,6906.0
1703202.0,1191.0,3828.0
1703207.0,624.0,7149.0
1703205.0,830.0,6498.0
1703208.0,679.0,6975.0
1703203.0,830.0,6498.0
1703204.0,830.0,6498.0
1703307.0,763.0,6446.0
1703308.0,624.0,7149.0
1703306.0,670.0,6930.0
1703310.0,745.0,6270.0
1703309.0,527.0,7493.0
1703422.0,830.0,6498.0
1703420.0,702.0,6630.0
1703410.0,1001.0,6083.0
1703421.0,745.0,6270.0
1703419.0,522.0,7827.0
1703408.0,830.0,6498.0
1703412.0,866.0,6355.0
1703413.0,866.0,6355.0
1703409.0,809.0,6464.0
1703415.0,830.0,6498.0
1703401.0,624.0,7149.0
1703417.0,624.0,7149.0
1703418.0,624.0,7149.0
1703414.0,734.0,6642.0
1703407.0,624.0,7149.0
1703411.0,986.0,6002.0
1703416.0,1399.0,5020.0
1703532.0,725.0,6516.0
1703501.0,702.0,6630.0
1703503.0,776.0,6497.0
1703502.0,776.0,6497.0
1703520.0,702.0,6630.0
1703529.0,994.0,5787.0
1703528.0,363.0,9731.0
1703524.0,1001.0,6083.0
1703530.0,994.0,5787.0
1703522.0,994.0,5787.0
1703504.0,994.0,5787.0
1703525.0,994.0,5787.0
1703526.0,842.0,6709.0
1703527.0,830.0,6498.0
1703521.0,1001.0,6083.0
1703523.0,1350.0,3459.0
1703531.0,994.0,5787.0
1703601.0,745.0,6906.0
1703602.0,670.0,6930.0
1703700.0,889.0,6408.0
1800101.0,994.0,5787.0
1800103.0,725.0,6516.0
1800104.0,694.0,6456.0
1800102.0,788.0,6337.0
1800200.0,828.0,6057.0
1800300.0,801.0,6338.0
1800401.0,812.0,6294.0
1800402.0,812.0,6294.0
1800500.0,768.0,5531.0
1800600.0,657.0,6832.0
1800700.0,316.0,7830.0
1800800.0,654.0,6589.0
1800900.0,830.0,6205.0
1801002.0,713.0,6572.0
1801003.0,868.0,5831.0
1801001.0,830.0,6205.0
1801100.0,725.0,6516.0
1801200.0,934.0,5750.0
1801300.0,634.0,6955.0
1801400.0,663.0,6487.0
1801500.0,860.0,5794.0
1801600.0,1443.0,4352.0
1801700.0,1107.0,5433.0
1801801.0,975.0,5591.0
1801802.0,864.0,6308.0
1801803.0,691.0,6503.0
1801900.0,872.0,5807.0
1802000.0,895.0,6022.0
1802100.0,1122.0,5138.0
1802200.0,975.0,5591.0
1802307.0,942.0,5783.0
1802306.0,872.0,5807.0
1802302.0,1042.0,5521.0
1802303.0,942.0,5783.0
1802304.0,1042.0,5521.0
1802301.0,873.0,5901.0
1802305.0,942.0,5783.0
1802400.0,901.0,4766.0
1802500.0,966.0,5468.0
1802600.0,943.0,5472.0
1802700.0,1635.0,3893.0
1802800.0,1017.0,5348.0
1802900.0,1059.0,5367.0
1803000.0,1094.0,4769.0
1803100.0,937.0,4655.0
1803200.0,1501.0,4183.0
1803300.0,1333.0,3782.0
1803400.0,2166.0,2419.0
1803500.0,1326.0,4225.0
1803600.0,639.0,8036.0
1900100.0,1022.0,6283.0
1900200.0,746.0,7513.0
1900400.0,303.0,9137.0
1900500.0,1165.0,5596.0
1900600.0,653.0,7306.0
1900700.0,650.0,7279.0
1900800.0,581.0,7496.0
1900900.0,1100.0,6179.0
1901000.0,788.0,6851.0
1901100.0,858.0,6837.0
1901200.0,683.0,7676.0
1901300.0,484.0,8095.0
1901400.0,790.0,6759.0
1901500.0,731.0,7426.0
1901600.0,821.0,6998.0
1901700.0,1052.0,6436.0
1901800.0,899.0,6519.0
1901900.0,872.0,6914.0
1902000.0,890.0,6974.0
1902100.0,937.0,6695.0
1902200.0,1993.0,2963.0
1902300.0,1176.0,5493.0
2000100.0,1104.0,5836.0
2000200.0,1444.0,5188.0
2000300.0,1465.0,5120.0
2000400.0,1300.0,5379.0
2000500.0,1356.0,5331.0
2000601.0,1406.0,4847.0
2000603.0,1420.0,4953.0
2000604.0,1176.0,5373.0
2000602.0,1676.0,4734.0
2000700.0,1582.0,4685.0
2000802.0,1171.0,5586.0
2000801.0,1581.0,4581.0
2000900.0,1136.0,5884.0
2001000.0,2061.0,3050.0
2001100.0,484.0,8034.0
2001200.0,1170.0,5315.0
2001301.0,1290.0,5614.0
2001304.0,1567.0,4678.0
2001303.0,1658.0,4366.0
2001302.0,1744.0,4628.0
2001400.0,1421.0,4767.0
2001500.0,1594.0,4922.0
2100100.0,1439.0,4119.0
2100200.0,1661.0,3774.0
2100300.0,1379.0,4666.0
2100400.0,1483.0,3827.0
2100500.0,1362.0,3881.0
2100600.0,1138.0,4776.0
2100700.0,900.0,4788.0
2100800.0,1150.0,4231.0
2100900.0,1001.0,4712.0
2101000.0,1063.0,4880.0
2101100.0,1300.0,4427.0
2101200.0,1136.0,4497.0
2101300.0,840.0,4686.0
2101400.0,1506.0,4059.0
2101500.0,1425.0,4256.0
2101600.0,1131.0,4883.0
2101706.0,2256.0,2600.0
2101704.0,1079.0,4829.0
2101705.0,1079.0,4829.0
2101703.0,1079.0,4829.0
2101702.0,1443.0,4352.0
2101701.0,1067.0,4894.0
2101800.0,1598.0,3648.0
2101901.0,1306.0,4208.0
2101902.0,687.0,6084.0
2102000.0,1393.0,3485.0
2102100.0,1409.0,3604.0
2102200.0,1264.0,4652.0
2102300.0,1055.0,5102.0
2102400.0,1064.0,5148.0
2102500.0,1064.0,5148.0
2102600.0,1171.0,4280.0
2102700.0,867.0,5166.0
2102800.0,865.0,5228.0
2200101.0,2405.0,2251.0
2200100.0,2405.0,2251.0
2200200.0,2482.0,1730.0
2200300.0,2438.0,2180.0
2200400.0,1050.0,4927.0
2200500.0,1795.0,3287.0
2200600.0,2602.0,1908.0
2200700.0,2514.0,1961.0
2200800.0,969.0,5586.0
2200900.0,2705.0,1546.0
2201000.0,595.0,6306.0
2201100.0,2683.0,1567.0
2201200.0,2078.0,2247.0
2201201.0,2686.0,1493.0
2201300.0,2671.0,1531.0
2201400.0,2455.0,1777.0
2201500.0,2455.0,1777.0
2201501.0,2482.0,1730.0
2201502.0,2628.0,1689.0
2201600.0,2618.0,1583.0
2201700.0,1931.0,2818.0
2201800.0,2413.0,1790.0
2201900.0,2584.0,1579.0
2202000.0,2377.0,1819.0
2202100.0,2793.0,1349.0
2202200.0,2447.0,1628.0
2202201.0,2377.0,1819.0
2202300.0,2598.0,1329.0
2202302.0,2547.0,1653.0
2202301.0,3008.0,1210.0
2202402.0,2453.0,1751.0
2202400.0,2313.0,1920.0
2202401.0,2547.0,1653.0
2202500.0,2413.0,1790.0
2300100.0,231.0,8782.0
2300200.0,692.0,5783.0
2300300.0,293.0,7751.0
2300400.0,218.0,8577.0
2300500.0,496.0,5920.0
2300600.0,465.0,7107.0
2300700.0,465.0,7107.0
2300800.0,669.0,5791.0
2300900.0,262.0,7860.0
2301000.0,297.0,7353.0
2400100.0,592.0,5952.0
2400200.0,1081.0,4807.0
2400302.0,1272.0,4430.0
2400301.0,1002.0,4785.0
2400400.0,1147.0,4720.0
2400506.0,1194.0,4564.0
2400504.0,1194.0,4564.0
2400501.0,1194.0,4564.0
2400507.0,1147.0,4720.0
2400502.0,898.0,4997.0
2400505.0,1159.0,4618.0
2400503.0,1246.0,3936.0
2400601.0,1194.0,4564.0
2400602.0,966.0,5259.0
2400700.0,1162.0,4695.0
2400803.0,1774.0,3807.0
2400804.0,824.0,5346.0
2400805.0,1774.0,3807.0
2400802.0,1774.0,3807.0
2400801.0,1274.0,4073.0
2400902.0,1271.0,4505.0
2400901.0,983.0,4990.0
2401003.0,708.0,5436.0
2401005.0,1272.0,4430.0
2401001.0,1093.0,4299.0
2401002.0,983.0,4990.0
2401004.0,1258.0,4382.0
2401006.0,1258.0,4382.0
2401007.0,1243.0,4571.0
2401103.0,1243.0,4571.0
2401105.0,1002.0,4785.0
2401107.0,1182.0,4455.0
2401101.0,1109.0,4707.0
2401104.0,917.0,4970.0
2401102.0,917.0,4970.0
2401106.0,949.0,4694.0
2401203.0,995.0,4890.0
2401204.0,918.0,5032.0
2401202.0,1774.0,3807.0
2401201.0,1147.0,4720.0
2401300.0,1274.0,4073.0
2401400.0,1274.0,4073.0
2401500.0,1435.0,3919.0
2401600.0,1055.0,4217.0
2500100.0,292.0,7406.0
2500200.0,452.0,6856.0
2500304.0,390.0,6717.0
2500301.0,654.0,6121.0
2500303.0,376.0,6688.0
2500302.0,223.0,7523.0
2500300.0,548.0,6576.0
2500400.0,1018.0,4849.0
2500506.0,445.0,6834.0
2500501.0,277.0,7202.0
2500503.0,651.0,6060.0
2500502.0,496.0,5920.0
2500505.0,345.0,7148.0
2500504.0,200.0,7753.0
2500508.0,777.0,5630.0
2500507.0,532.0,6575.0
2500703.0,582.0,5704.0
2500702.0,596.0,5868.0
2500701.0,510.0,6539.0
2500704.0,777.0,5630.0
2501000.0,596.0,5868.0
2501300.0,472.0,6401.0
2501400.0,532.0,6575.0
2501600.0,597.0,6159.0
2501901.0,287.0,7312.0
2501902.0,371.0,7486.0
2501900.0,376.0,6688.0
2502400.0,651.0,6060.0
2502800.0,777.0,5630.0
2503301.0,1861.0,2637.0
2503306.0,582.0,5704.0
2503302.0,777.0,5630.0
2503305.0,539.0,6109.0
2503303.0,596.0,5868.0
2503304.0,777.0,5630.0
2503400.0,485.0,6370.0
2503500.0,421.0,6364.0
2503602.0,558.0,6371.0
2503601.0,511.0,5799.0
2503603.0,777.0,5630.0
2503900.0,472.0,6401.0
2504000.0,558.0,6371.0
2504200.0,534.0,6302.0
2504302.0,475.0,5624.0
2504303.0,529.0,6008.0
2504301.0,740.0,5734.0
2504500.0,740.0,5734.0
2504700.0,485.0,6370.0
2504800.0,361.0,5776.0
2504903.0,413.0,6026.0
2504902.0,503.0,5991.0
2504901.0,529.0,6008.0
2600100.0,691.0,6503.0
2600200.0,330.0,8250.0
2600300.0,327.0,8214.0
2600400.0,267.0,8392.0
2600500.0,527.0,7493.0
2600600.0,395.0,7496.0
2600700.0,395.0,7496.0
2600801.0,829.0,6248.0
2600802.0,611.0,6589.0
2600900.0,272.0,8209.0
2601004.0,615.0,6223.0
2601002.0,1527.0,4727.0
2601003.0,696.0,6522.0
2601001.0,301.0,8123.0
2601100.0,418.0,7547.0
2601200.0,492.0,7329.0
2601300.0,523.0,7046.0
2601400.0,679.0,6645.0
2601500.0,558.0,7098.0
2601600.0,376.0,7565.0
2601702.0,555.0,7005.0
2601704.0,736.0,6422.0
2601701.0,452.0,7336.0
2601703.0,555.0,7005.0
2601802.0,558.0,7098.0
2601801.0,489.0,7164.0
2601900.0,760.0,5463.0
2602000.0,559.0,6742.0
2602101.0,798.0,6342.0
2602102.0,773.0,6235.0
2602200.0,842.0,6206.0
2602300.0,696.0,6522.0
2602400.0,1527.0,4727.0
2602500.0,364.0,7607.0
2602600.0,478.0,6970.0
2602702.0,691.0,6503.0
2602701.0,550.0,6989.0
2602703.0,529.0,6683.0
2602800.0,223.0,8584.0
2602901.0,550.0,6989.0
2602904.0,818.0,5731.0
2602907.0,626.0,6680.0
2602905.0,691.0,6503.0
2602903.0,828.0,6167.0
2602902.0,626.0,6680.0
2602906.0,788.0,6224.0
2602908.0,626.0,6680.0
2603005.0,920.0,5898.0
2603004.0,757.0,6160.0
2603001.0,600.0,5941.0
2603003.0,702.0,6121.0
2603006.0,920.0,5898.0
2603002.0,452.0,7336.0
2603100.0,432.0,6679.0
2603203.0,788.0,6224.0
2603202.0,1017.0,5348.0
2603201.0,814.0,6209.0
2603210.0,626.0,6680.0
2603207.0,966.0,5468.0
2603212.0,670.0,6567.0
2603209.0,788.0,6224.0
2603213.0,757.0,6160.0
2603205.0,448.0,7192.0
2603208.0,788.0,6224.0
2603206.0,742.0,5508.0
2603204.0,736.0,6422.0
2603211.0,920.0,5898.0
2603300.0,715.0,6460.0
2700100.0,398.0,9967.0
2700200.0,349.0,9540.0
2700300.0,303.0,9675.0
2700400.0,659.0,6550.0
2700500.0,241.0,9006.0
2700600.0,523.0,7709.0
2700700.0,575.0,7724.0
2700800.0,533.0,9092.0
2700900.0,573.0,8634.0
2701000.0,339.0,10397.0
2701102.0,412.0,9483.0
2701103.0,327.0,8917.0
2701101.0,587.0,7983.0
2701202.0,621.0,8104.0
2701201.0,457.0,8445.0
2701303.0,715.0,7606.0
2701302.0,715.0,7606.0
2701304.0,699.0,7876.0
2701301.0,715.0,7606.0
2701409.0,473.0,8308.0
2701408.0,742.0,7485.0
2701403.0,699.0,7876.0
2701404.0,327.0,8917.0
2701407.0,1060.0,5831.0
2701401.0,631.0,7281.0
2701405.0,699.0,7876.0
2701406.0,650.0,8029.0
2701402.0,500.0,8367.0
2701410.0,658.0,7773.0
2701503.0,658.0,7773.0
2701502.0,638.0,7848.0
2701501.0,1437.0,4770.0
2701600.0,484.0,9642.0
2701700.0,592.0,8163.0
2701800.0,1018.0,6520.0
2701900.0,560.0,8693.0
2702000.0,649.0,8156.0
2702100.0,596.0,8090.0
2702200.0,650.0,8029.0
2702300.0,592.0,8163.0
2702400.0,626.0,8030.0
2702500.0,484.0,8095.0
2702600.0,811.0,6712.0
2800100.0,2023.0,2979.0
2800200.0,1636.0,3642.0
2800300.0,1631.0,3970.0
2800400.0,1810.0,3033.0
2800500.0,2176.0,2206.0
2800600.0,1735.0,2902.0
2800700.0,2270.0,2408.0
2800800.0,1976.0,2305.0
2800900.0,2270.0,2408.0
2801000.0,2264.0,2401.0
2801100.0,1960.0,2538.0
2801200.0,2232.0,2584.0
2801300.0,1976.0,2305.0
2801400.0,1976.0,2664.0
2801500.0,2296.0,2066.0
2801600.0,2197.0,2016.0
2801700.0,2023.0,2249.0
2801800.0,2327.0,2024.0
2801900.0,2296.0,2066.0
2802000.0,1836.0,2763.0
2802100.0,2286.0,1870.0
2900100.0,1022.0,6223.0
2900200.0,983.0,6425.0
2900300.0,952.0,6495.0
2900400.0,1109.0,5642.0
2900500.0,1246.0,5177.0
2900600.0,2228.0,3036.0
2900700.0,801.0,7515.0
2900800.0,1117.0,5323.0
2900902.0,1959.0,2748.0
2900901.0,860.0,6543.0
2900903.0,1325.0,5249.0
2901003.0,1421.0,4767.0
2901004.0,1170.0,5786.0
2901001.0,1069.0,5835.0
2901005.0,1176.0,5373.0
2901002.0,1176.0,5373.0
2901100.0,988.0,6134.0
2901200.0,1479.0,4576.0
2901300.0,1174.0,5054.0
2901400.0,1725.0,3872.0
2901500.0,1137.0,4750.0
2901600.0,1125.0,5449.0
2901703.0,1231.0,5121.0
2901701.0,1428.0,4586.0
2901702.0,1318.0,5008.0
2901802.0,1561.0,4758.0
2901807.0,1399.0,5020.0
2901804.0,1231.0,5121.0
2901808.0,1293.0,5199.0
2901803.0,1561.0,4758.0
2901801.0,1354.0,5149.0
2901806.0,1561.0,4758.0
2901805.0,1399.0,5020.0
2901901.0,1633.0,4650.0
2901902.0,1561.0,4758.0
2902002.0,1378.0,4826.0
2902001.0,1091.0,5180.0
2902100.0,1170.0,5134.0
2902200.0,1589.0,4225.0
2902300.0,1379.0,4666.0
2902400.0,654.0,6589.0
2902500.0,1315.0,4619.0
2902602.0,1096.0,5080.0
2902603.0,1366.0,4602.0
2902601.0,1178.0,4642.0
2902700.0,2288.0,2714.0
2902800.0,1437.0,4454.0
3000100.0,142.0,8193.0
3000200.0,41.0,9118.0
3000300.0,188.0,8574.0
3000400.0,477.0,7852.0
3000500.0,322.0,7917.0
3000600.0,822.0,7620.0
3000700.0,583.0,7006.0
3100100.0,2517.0,2190.0
3100200.0,736.0,7619.0
3100300.0,785.0,6895.0
3100400.0,1380.0,5341.0
3100500.0,852.0,6652.0
3100600.0,1106.0,5811.0
3100701.0,988.0,6570.0
3100702.0,1315.0,5112.0
3100801.0,211.0,8987.0
3100802.0,1095.0,6379.0
3100903.0,962.0,6455.0
3100902.0,1018.0,6178.0
3100904.0,1095.0,6311.0
3100901.0,920.0,6933.0
3200102.0,493.0,5600.0
3200101.0,493.0,5600.0
3200103.0,85.0,9007.0
3200200.0,322.0,7098.0
3200300.0,30.0,5106.0
3200401.0,1909.0,3536.0
3200407.0,1909.0,3536.0
3200411.0,3214.0,2239.0
3200412.0,1909.0,3536.0
3200403.0,2921.0,2557.0
3200404.0,3722.0,2174.0
3200413.0,3214.0,2239.0
3200402.0,3426.0,1759.0
3200406.0,3214.0,2239.0
3200409.0,3214.0,2239.0
3200405.0,3214.0,2239.0
3200410.0,2132.0,3139.0
3200408.0,2453.0,2429.0
3300100.0,158.0,8903.0
3300200.0,272.0,7935.0
3300300.0,416.0,6593.0
3300400.0,257.0,7689.0
3300500.0,239.0,7773.0
3300600.0,104.0,8968.0
3300700.0,263.0,7742.0
3300800.0,510.0,6539.0
3300900.0,218.0,8577.0
3301000.0,384.0,6884.0
3400101.0,951.0,4480.0
3400102.0,921.0,4803.0
3400308.0,272.0,7935.0
3400301.0,949.0,4947.0
3400304.0,576.0,6103.0
3400303.0,1435.0,3919.0
3400306.0,642.0,5809.0
3400305.0,816.0,5346.0
3400302.0,668.0,5901.0
3400307.0,949.0,4947.0
3400400.0,882.0,5367.0
3400503.0,1047.0,4746.0
3400502.0,824.0,5522.0
3400501.0,882.0,5367.0
3400602.0,1123.0,4681.0
3400601.0,882.0,5367.0
3400703.0,992.0,4918.0
3400701.0,668.0,5901.0
3400702.0,770.0,5400.0
3400800.0,675.0,5826.0
3400905.0,480.0,6428.0
3400902.0,816.0,5346.0
3400907.0,770.0,5400.0
3400903.0,854.0,5266.0
3400901.0,882.0,5367.0
3400904.0,854.0,5266.0
3400906.0,816.0,5346.0
3401001.0,654.0,5798.0
3401002.0,654.0,5798.0
3401003.0,510.0,6458.0
3401104.0,937.0,4970.0
3401103.0,937.0,4970.0
3401102.0,1142.0,4777.0
3401101.0,1058.0,4622.0
3401105.0,801.0,5287.0
3401106.0,816.0,5346.0
3401202.0,548.0,6576.0
3401204.0,949.0,4947.0
3401201.0,983.0,4863.0
3401205.0,801.0,5287.0
3401203.0,750.0,5168.0
3401301.0,865.0,5166.0
3401302.0,2111.0,2249.0
3401402.0,666.0,5810.0
3401403.0,824.0,5522.0
3401404.0,666.0,5810.0
3401401.0,824.0,5522.0
3401504.0,480.0,6428.0
3401501.0,1038.0,5022.0
3401503.0,692.0,5783.0
3401502.0,550.0,6438.0
3401600.0,480.0,6428.0
3401700.0,716.0,5597.0
3401800.0,1220.0,4843.0
3401904.0,757.0,5595.0
3401902.0,544.0,5908.0
3401903.0,757.0,5595.0
3401901.0,787.0,5450.0
3402001.0,1054.0,4801.0
3402002.0,929.0,4869.0
3402003.0,939.0,4983.0
3402104.0,1054.0,4801.0
3402101.0,1091.0,4644.0
3402102.0,939.0,4983.0
3402103.0,929.0,4869.0
3402202.0,1435.0,3919.0
3402201.0,1091.0,4644.0
3402303.0,1220.0,4843.0
3402302.0,854.0,5266.0
3402301.0,382.0,6919.0
3402400.0,1009.0,4835.0
3402500.0,1054.0,4801.0
3402600.0,1438.0,3443.0
3500100.0,38.0,8143.0
3500200.0,3531.0,1697.0
3500300.0,322.0,5828.0
3500400.0,1021.0,6696.0
3500500.0,240.0,6613.0
3500600.0,2741.0,1888.0
3500700.0,573.0,6082.0
3500803.0,520.0,6004.0
3500806.0,773.0,4981.0
3500802.0,773.0,4981.0
3500801.0,355.0,6620.0
3500804.0,1290.0,4281.0
3500805.0,185.0,8662.0
3500900.0,437.0,5286.0
3501002.0,437.0,5286.0
3501001.0,1364.0,3818.0
3501100.0,307.0,5283.0
3501200.0,1239.0,4446.0
3600100.0,286.0,8209.0
3600200.0,136.0,8547.0
3600300.0,431.0,7097.0
3600401.0,182.0,8502.0
3600403.0,566.0,6182.0
3600402.0,444.0,7164.0
3600500.0,516.0,5957.0
3600600.0,291.0,7336.0
3600704.0,345.0,6385.0
3600701.0,467.0,6744.0
3600702.0,551.0,6803.0
3600703.0,551.0,6803.0
3600800.0,496.0,6641.0
3600905.0,594.0,6113.0
3600904.0,576.0,6728.0
3600903.0,576.0,6728.0
3600902.0,576.0,6728.0
3600901.0,594.0,6022.0
3600906.0,576.0,6728.0
3601000.0,291.0,7336.0
3601102.0,465.0,6658.0
3601101.0,548.0,6692.0
3601203.0,723.0,5876.0
3601204.0,716.0,5597.0
3601201.0,552.0,6451.0
3601205.0,580.0,6198.0
3601202.0,548.0,6692.0
3601207.0,452.0,6724.0
3601206.0,548.0,6692.0
3601300.0,392.0,6875.0
3601400.0,301.0,7681.0
3601500.0,592.0,5952.0
3601600.0,432.0,6931.0
3601700.0,366.0,7116.0
3601801.0,664.0,6555.0
3601802.0,477.0,6904.0
3601900.0,263.0,7380.0
3602001.0,544.0,6860.0
3602002.0,438.0,6579.0
3602100.0,50.0,10646.0
3602201.0,396.0,7237.0
3602202.0,353.0,6991.0
3602203.0,281.0,7169.0
3602300.0,446.0,6806.0
3602401.0,464.0,5735.0
3602402.0,605.0,4901.0
3602500.0,197.0,7588.0
3602600.0,515.0,6385.0
3602702.0,652.0,5854.0
3602701.0,66.0,8680.0
3602801.0,550.0,6438.0
3602802.0,550.0,6438.0
3602902.0,674.0,5820.0
3602903.0,233.0,7522.0
3602901.0,1153.0,4459.0
3603002.0,576.0,6103.0
3603001.0,770.0,5400.0
3603003.0,642.0,5809.0
3603104.0,692.0,5582.0
3603107.0,770.0,5400.0
3603105.0,770.0,5400.0
3603103.0,790.0,5813.0
3603102.0,576.0,6103.0
3603106.0,865.0,5166.0
3603101.0,770.0,5357.0
3603202.0,949.0,4947.0
3603208.0,825.0,4963.0
3603203.0,779.0,5504.0
3603207.0,779.0,5504.0
3603201.0,839.0,5231.0
3603212.0,839.0,5231.0
3603204.0,839.0,5231.0
3603206.0,839.0,5231.0
3603211.0,839.0,5231.0
3603210.0,281.0,7169.0
3603209.0,779.0,5504.0
3603205.0,865.0,5166.0
3603304.0,770.0,5357.0
3603308.0,770.0,5357.0
3603309.0,652.0,5854.0
3603312.0,716.0,5660.0
3603313.0,548.0,6576.0
3603311.0,576.0,6103.0
3603310.0,233.0,7613.0
3603302.0,779.0,5504.0
3603307.0,702.0,5382.0
3603303.0,652.0,5854.0
3603301.0,789.0,5466.0
3603305.0,395.0,6825.0
3603306.0,597.0,6159.0
3603703.0,1142.0,4777.0
3603706.0,1024.0,4838.0
3603701.0,467.0,6744.0
3603707.0,882.0,5367.0
3603709.0,642.0,5809.0
3603708.0,882.0,5367.0
3603704.0,1151.0,4754.0
3603710.0,1142.0,4777.0
3603702.0,882.0,5367.0
3603705.0,642.0,5809.0
3603804.0,1151.0,4754.0
3603807.0,882.0,5367.0
3603802.0,770.0,5400.0
3603805.0,1151.0,4754.0
3603806.0,882.0,5367.0
3603803.0,882.0,5367.0
3603810.0,1151.0,4754.0
3603809.0,1151.0,4754.0
3603801.0,1142.0,4777.0
3603808.0,1151.0,4754.0
3603901.0,1024.0,4838.0
3603902.0,937.0,4970.0
3603903.0,882.0,5367.0
3604011.0,1142.0,4777.0
3604018.0,1151.0,4754.0
3604006.0,1142.0,4777.0
3604013.0,1151.0,4754.0
3604016.0,824.0,5522.0
3604017.0,488.0,6301.0
3604002.0,1142.0,4777.0
3604001.0,174.0,9155.0
3604004.0,929.0,4869.0
3604003.0,1142.0,4777.0
3604014.0,824.0,5522.0
3604012.0,1151.0,4754.0
3604009.0,937.0,4970.0
3604010.0,1123.0,4681.0
3604005.0,882.0,5367.0
3604015.0,882.0,5367.0
3604007.0,1123.0,4681.0
3604008.0,1142.0,4777.0
3604103.0,642.0,5809.0
3604114.0,949.0,4947.0
3604104.0,674.0,5820.0
3604101.0,770.0,5400.0
3604106.0,949.0,4947.0
3604112.0,949.0,4947.0
3604102.0,949.0,4947.0
3604111.0,1142.0,4777.0
3604108.0,949.0,4947.0
3604109.0,692.0,5582.0
3604110.0,1142.0,4777.0
3604113.0,1142.0,4777.0
3604107.0,1142.0,4777.0
3604105.0,949.0,4947.0
3700100.0,194.0,6085.0
3700200.0,855.0,5204.0
3700300.0,1075.0,4925.0
3700400.0,1138.0,4075.0
3700500.0,1275.0,3913.0
3700600.0,1516.0,3113.0
3700700.0,1707.0,2799.0
3700800.0,1667.0,2909.0
3700900.0,1148.0,4138.0
3701000.0,1421.0,3627.0
3701100.0,1550.0,3514.0
3701205.0,1456.0,3431.0
3701208.0,1566.0,3315.0
3701207.0,1127.0,4053.0
3701203.0,1572.0,3070.0
3701202.0,1456.0,3431.0
3701201.0,1572.0,3070.0
3701206.0,1456.0,3431.0
3701204.0,1783.0,2929.0
3701301.0,1294.0,3733.0
3701302.0,1294.0,3733.0
3701400.0,1093.0,4299.0
3701500.0,1791.0,2606.0
3701600.0,1489.0,3588.0
3701704.0,516.0,5543.0
3701702.0,1418.0,3970.0
3701701.0,204.0,9585.0
3701703.0,1147.0,4720.0
3701803.0,876.0,4951.0
3701802.0,1409.0,3604.0
3701801.0,970.0,5132.0
3701900.0,1130.0,4230.0
3702000.0,1041.0,4363.0
3702100.0,410.0,5728.0
3702202.0,639.0,4755.0
3702201.0,877.0,4237.0
3702300.0,1187.0,4058.0
3702400.0,628.0,4336.0
3702500.0,712.0,4259.0
3702600.0,1168.0,3911.0
3702700.0,956.0,4445.0
3702800.0,267.0,5956.0
3702900.0,1315.0,3667.0
3703001.0,1551.0,3439.0
3703002.0,771.0,5401.0
3703104.0,1325.0,4377.0
3703106.0,1244.0,3952.0
3703102.0,1681.0,3162.0
3703103.0,1332.0,3848.0
3703108.0,1681.0,3162.0
3703105.0,1681.0,3162.0
3703101.0,1540.0,3463.0
3703107.0,2379.0,1727.0
3703200.0,1391.0,3546.0
3703300.0,388.0,5614.0
3703400.0,734.0,5082.0
3703500.0,1540.0,3463.0
3703600.0,550.0,6438.0
3703700.0,1158.0,4272.0
3703800.0,1783.0,2929.0
3703900.0,1952.0,2396.0
3704000.0,2345.0,1750.0
3704100.0,1817.0,2545.0
3704200.0,1636.0,3112.0
3704300.0,2017.0,2429.0
3704400.0,1677.0,2965.0
3704500.0,1817.0,2545.0
3704600.0,1952.0,2396.0
3704700.0,1359.0,3569.0
3704800.0,436.0,5994.0
3704900.0,1658.0,2866.0
3705002.0,1359.0,3569.0
3705001.0,1897.0,2841.0
3705003.0,825.0,4963.0
3705100.0,1416.0,3640.0
3705200.0,697.0,6306.0
3705300.0,1125.0,4364.0
3705400.0,1333.0,3608.0
3800100.0,718.0,7956.0
3800200.0,488.0,9002.0
3800300.0,576.0,6984.0
3800400.0,334.0,10304.0
3800500.0,514.0,9288.0
3900100.0,520.0,6975.0
3900200.0,715.0,6460.0
3900300.0,586.0,6667.0
3900400.0,757.0,6160.0
3900500.0,1257.0,5464.0
3900600.0,809.0,6194.0
3900700.0,1414.0,3563.0
3900801.0,1079.0,4829.0
3900802.0,818.0,5731.0
3900902.0,1212.0,4103.0
3900903.0,664.0,5831.0
3900910.0,481.0,5922.0
3900908.0,558.0,6525.0
3900907.0,521.0,6574.0
3900906.0,818.0,5731.0
3900909.0,558.0,6525.0
3900905.0,558.0,6525.0
3900904.0,558.0,6525.0
3900901.0,678.0,6154.0
3901000.0,587.0,6224.0
3901100.0,626.0,6845.0
3901200.0,372.0,6956.0
3901300.0,459.0,6492.0
3901400.0,552.0,6451.0
3901500.0,580.0,6198.0
3901600.0,458.0,6678.0
3901700.0,678.0,6154.0
3901803.0,678.0,6154.0
3901805.0,856.0,5752.0
3901802.0,452.0,7336.0
3901801.0,372.0,6956.0
3901804.0,856.0,5752.0
3901900.0,558.0,6525.0
3902000.0,503.0,6600.0
3902100.0,561.0,6606.0
3902200.0,653.0,6364.0
3902300.0,633.0,6463.0
3902400.0,951.0,5492.0
3902500.0,835.0,5932.0
3902600.0,783.0,6155.0
3902700.0,529.0,5427.0
3902800.0,645.0,6289.0
3902900.0,706.0,6034.0
3903000.0,788.0,6224.0
3903100.0,678.0,6154.0
3903200.0,678.0,6154.0
3903300.0,1943.0,2402.0
3903400.0,559.0,6268.0
3903500.0,943.0,5217.0
3903600.0,691.0,5553.0
3903700.0,768.0,5606.0
3903800.0,645.0,6289.0
3903900.0,764.0,5887.0
3904000.0,776.0,5787.0
3904110.0,870.0,5417.0
3904107.0,935.0,5349.0
3904105.0,935.0,5349.0
3904108.0,951.0,5492.0
3904101.0,935.0,5349.0
3904104.0,615.0,5989.0
3904109.0,935.0,5349.0
3904103.0,1735.0,2805.0
3904111.0,883.0,5382.0
3904102.0,951.0,5492.0
3904106.0,1521.0,3465.0
3904200.0,883.0,5382.0
3904300.0,1332.0,3848.0
3904400.0,935.0,5690.0
3904500.0,1391.0,3546.0
3904601.0,761.0,6200.0
3904603.0,935.0,5690.0
3904604.0,1214.0,5343.0
3904602.0,935.0,5690.0
3904700.0,768.0,5531.0
3904800.0,877.0,5571.0
3904900.0,772.0,5571.0
3905000.0,935.0,5349.0
3905100.0,1128.0,4737.0
3905200.0,827.0,5555.0
3905302.0,1064.0,5148.0
3905301.0,622.0,5290.0
3905402.0,1443.0,4352.0
3905401.0,969.0,5586.0
3905403.0,1135.0,5261.0
3905507.0,768.0,5531.0
3905506.0,572.0,7603.0
3905502.0,1210.0,4841.0
3905505.0,1131.0,4883.0
3905501.0,1135.0,5261.0
3905503.0,279.0,8956.0
3905504.0,1135.0,5261.0
3905600.0,962.0,5423.0
3905700.0,968.0,5138.0
4000100.0,1674.0,3907.0
4000200.0,1756.0,3614.0
4000300.0,1486.0,3784.0
4000400.0,1280.0,5026.0
4000500.0,1720.0,4367.0
4000602.0,1455.0,4663.0
4000601.0,2320.0,2886.0
4000702.0,2293.0,2536.0
4000701.0,1191.0,5423.0
4000800.0,1416.0,4806.0
4000900.0,1506.0,4742.0
4001004.0,2011.0,3255.0
4001002.0,1744.0,4120.0
4001005.0,988.0,6134.0
4001003.0,1907.0,3663.0
4001001.0,1907.0,3663.0
4001006.0,1255.0,5362.0
4001101.0,1721.0,4259.0
4001102.0,1542.0,4108.0
4001204.0,2258.0,3046.0
4001203.0,1875.0,3639.0
4001201.0,2049.0,3642.0
4001202.0,1746.0,3917.0
4001302.0,2011.0,3054.0
4001301.0,1701.0,4082.0
4001400.0,2370.0,1813.0
4001501.0,1932.0,3996.0
4001601.0,1813.0,3843.0
4100100.0,284.0,6513.0
4100200.0,271.0,6085.0
4100300.0,140.0,7195.0
4100400.0,154.0,6782.0
4100500.0,13.0,4608.0
4100600.0,135.0,5245.0
4100705.0,216.0,4820.0
4100704.0,46.0,8346.0
4100703.0,242.0,4786.0
4100800.0,81.0,7384.0
4100902.0,350.0,5211.0
4100901.0,426.0,4894.0
4101000.0,55.0,7812.0
4101104.0,475.0,4129.0
4101103.0,257.0,4784.0
4101105.0,86.0,6130.0
4101200.0,155.0,7502.0
4101324.0,197.0,4990.0
4101314.0,287.0,4723.0
4101301.0,160.0,5165.0
4101316.0,104.0,5725.0
4101319.0,261.0,4847.0
4101320.0,393.0,4300.0
4101303.0,390.0,4400.0
4101318.0,475.0,4129.0
4101321.0,46.0,6100.0
4101322.0,323.0,4532.0
4101305.0,275.0,6810.0
4101302.0,390.0,4400.0
4101317.0,205.0,4856.0
4101323.0,261.0,4847.0
4200102.0,620.0,6243.0
4200101.0,1325.0,4377.0
4200200.0,332.0,7223.0
4200300.0,203.0,7319.0
4200400.0,286.0,7155.0
4200500.0,134.0,8247.0
4200600.0,1075.0,4925.0
4200702.0,611.0,6234.0
4200701.0,611.0,6234.0
4200801.0,196.0,7725.0
4200803.0,690.0,5759.0
4200802.0,223.0,7522.0
4200900.0,573.0,6294.0
4201000.0,404.0,6672.0
4201100.0,955.0,5201.0
4201200.0,538.0,6345.0
4201300.0,413.0,6934.0
4201400.0,406.0,6796.0
4201502.0,726.0,5829.0
4201501.0,587.0,6224.0
4201600.0,209.0,7577.0
4201701.0,760.0,5463.0
4201702.0,829.0,5462.0
4201801.0,726.0,5829.0
4201807.0,726.0,5829.0
4201806.0,829.0,5462.0
4201804.0,709.0,5727.0
4201802.0,594.0,6022.0
4201803.0,709.0,5727.0
4201805.0,709.0,5727.0
4201900.0,803.0,5455.0
4202001.0,238.0,7308.0
4202002.0,594.0,6006.0
4202003.0,759.0,5312.0
4202100.0,335.0,6585.0
4202200.0,898.0,4997.0
4202301.0,667.0,5884.0
4202302.0,203.0,7319.0
4202402.0,272.0,7672.0
4202401.0,733.0,5370.0
4202500.0,578.0,5960.0
4202600.0,845.0,5395.0
4202702.0,723.0,5876.0
4202701.0,1009.0,4835.0
4202703.0,1235.0,4759.0
4202802.0,787.0,5830.0
4202803.0,234.0,7466.0
4202801.0,1075.0,4354.0
4202902.0,787.0,5830.0
4202901.0,307.0,7694.0
4203003.0,903.0,5262.0
4203002.0,675.0,5826.0
4203001.0,896.0,5363.0
4203004.0,896.0,5363.0
4203102.0,690.0,5759.0
4203103.0,1038.0,5022.0
4203104.0,1038.0,5022.0
4203101.0,966.0,5259.0
4203106.0,1183.0,4559.0
4203105.0,884.0,5174.0
4203207.0,1091.0,4644.0
4203209.0,690.0,5759.0
4203206.0,1333.0,4469.0
4203210.0,1235.0,4759.0
4203208.0,1235.0,4759.0
4203202.0,1235.0,4759.0
4203204.0,884.0,5174.0
4203205.0,884.0,5174.0
4203211.0,896.0,5363.0
4203201.0,896.0,5363.0
4203203.0,896.0,5363.0
4203304.0,1333.0,4469.0
4203301.0,1038.0,5022.0
4203302.0,992.0,4918.0
4203303.0,1093.0,4299.0
4203402.0,845.0,5395.0
4203401.0,404.0,6672.0
4203403.0,176.0,8008.0
4203404.0,716.0,5597.0
4203501.0,809.0,5448.0
4203503.0,824.0,5346.0
4203502.0,715.0,5764.0
4203504.0,982.0,5216.0
4203601.0,862.0,5233.0
4203603.0,203.0,7319.0
4203602.0,234.0,7466.0
4203701.0,733.0,5370.0
4203702.0,636.0,5613.0
4203800.0,538.0,6345.0
4203900.0,345.0,6385.0
4204002.0,759.0,5312.0
4204001.0,848.0,5099.0
4400101.0,534.0,6302.0
4400104.0,714.0,5754.0
4400102.0,582.0,5704.0
4400103.0,714.0,5754.0
4400201.0,421.0,6364.0
4400300.0,482.0,6931.0
4400400.0,1895.0,2471.0
4500102.0,1044.0,3965.0
4500104.0,1508.0,3360.0
4500101.0,1118.0,3813.0
4500105.0,1577.0,3363.0
4500103.0,907.0,5103.0
4500200.0,1508.0,3360.0
4500301.0,1591.0,3080.0
4500302.0,712.0,4259.0
4500400.0,1466.0,3356.0
4500502.0,614.0,5649.0
4500501.0,1191.0,3828.0
4500604.0,2301.0,1981.0
4500602.0,2475.0,2044.0
4500603.0,2250.0,2307.0
4500601.0,2000.0,2482.0
4500605.0,1926.0,2508.0
4500700.0,267.0,5956.0
4500800.0,938.0,4338.0
4500900.0,1333.0,3608.0
4501000.0,496.0,5920.0
4501101.0,1987.0,2415.0
4501102.0,2067.0,2275.0
4501201.0,1991.0,2371.0
4501202.0,2306.0,2005.0
4501204.0,2016.0,2352.0
4501203.0,1895.0,2471.0
4501300.0,2046.0,2210.0
4501400.0,2749.0,1420.0
4501500.0,2197.0,2038.0
4501600.0,1981.0,2444.0
4600100.0,547.0,7908.0
4600200.0,816.0,7353.0
4600300.0,576.0,8969.0
4600400.0,847.0,7449.0
4600500.0,849.0,7179.0
4600600.0,747.0,7812.0
4700100.0,1019.0,5510.0
4700200.0,1500.0,4067.0
4700300.0,1465.0,4109.0
4700400.0,1273.0,4433.0
4700500.0,1493.0,4103.0
4700600.0,1266.0,4141.0
4700700.0,752.0,4421.0
4700800.0,953.0,4389.0
4700900.0,5.0,8250.0
4701000.0,1035.0,4535.0
4701100.0,907.0,4555.0
4701200.0,956.0,4445.0
4701300.0,938.0,4338.0
4701400.0,1044.0,3965.0
4701500.0,980.0,4883.0
4701603.0,1297.0,4056.0
4701602.0,797.0,4362.0
4701601.0,802.0,4294.0
4701604.0,1301.0,3993.0
4701700.0,1125.0,4321.0
4701800.0,1501.0,3796.0
4701900.0,594.0,6006.0
4702001.0,1301.0,3993.0
4702002.0,1608.0,3427.0
4702003.0,1134.0,6052.0
4702100.0,1096.0,4510.0
4702200.0,1182.0,4022.0
4702300.0,1327.0,4127.0
4702401.0,1413.0,4141.0
4702402.0,1388.0,4107.0
4702501.0,1530.0,3831.0
4702505.0,1282.0,3895.0
4702503.0,1433.0,4298.0
4702502.0,1652.0,3677.0
4702504.0,1530.0,3831.0
4702600.0,1652.0,3677.0
4702700.0,1483.0,3827.0
4702800.0,3289.0,696.0
4702900.0,1326.0,4225.0
4703000.0,1648.0,3649.0
4703100.0,1762.0,3627.0
4703208.0,2967.0,1323.0
4703206.0,1749.0,3442.0
4703205.0,1201.0,5299.0
4703204.0,1838.0,3491.0
4703203.0,1641.0,4037.0
4703207.0,1838.0,3491.0
4703201.0,2187.0,3041.0
4703202.0,2187.0,3041.0
4800100.0,1386.0,5258.0
4800200.0,2597.0,2049.0
4800300.0,1259.0,3919.0
4800400.0,1490.0,3927.0
4800502.0,117.0,8659.0
4800501.0,1769.0,3508.0
4800600.0,2396.0,3024.0
4800700.0,2171.0,3366.0
4800800.0,2079.0,2980.0
4800900.0,2131.0,2839.0
4801000.0,2197.0,2972.0
4801100.0,2180.0,2543.0
4801200.0,1927.0,3207.0
4801300.0,1827.0,3148.0
4801400.0,2301.0,2599.0
4801501.0,2521.0,1958.0
4801502.0,2366.0,2173.0
4801600.0,2312.0,2050.0
4801700.0,2128.0,2549.0
4801800.0,2301.0,2599.0
4801903.0,2878.0,2219.0
4801901.0,576.0,6659.0
4801904.0,2878.0,2219.0
4801902.0,2878.0,2219.0
4801906.0,2340.0,2649.0
4801905.0,2161.0,2936.0
4801907.0,308.0,8200.0
4802002.0,2269.0,2650.0
4802001.0,2458.0,1948.0
4802005.0,2451.0,2862.0
4802004.0,2340.0,2649.0
4802006.0,2269.0,2650.0
4802003.0,2568.0,2370.0
4802101.0,2452.0,2380.0
4802102.0,2508.0,2437.0
4802200.0,1151.0,4768.0
4802313.0,2103.0,3448.0
4802305.0,2459.0,2203.0
4802311.0,2878.0,2219.0
4802307.0,2458.0,1948.0
4802315.0,2878.0,2219.0
4802322.0,2269.0,2650.0
4802303.0,2504.0,1991.0
4802312.0,2878.0,2219.0
4802318.0,71.0,9038.0
4802321.0,2452.0,2380.0
4802304.0,2452.0,2380.0
4802310.0,2508.0,2437.0
4802308.0,2301.0,2599.0
4802302.0,2212.0,2710.0
4802309.0,2878.0,2219.0
4802319.0,1856.0,3431.0
4802320.0,2568.0,2370.0
4802317.0,1443.0,4063.0
4802301.0,2212.0,2710.0
4802316.0,2340.0,2649.0
4802306.0,107.0,8399.0
4802314.0,2878.0,2219.0
4802400.0,2215.0,2835.0
4802512.0,1185.0,5313.0
4802507.0,1927.0,3207.0
4802513.0,2508.0,2437.0
4802505.0,2568.0,2370.0
4802516.0,2358.0,2608.0
4802508.0,2340.0,2649.0
4802509.0,2340.0,2649.0
4802514.0,2604.0,2158.0
4802515.0,2358.0,2608.0
4802510.0,2086.0,3080.0
4802503.0,2508.0,2437.0
4802511.0,2432.0,2450.0
4802506.0,2508.0,2437.0
4802504.0,2608.0,2130.0
4802502.0,2568.0,2370.0
4802501.0,2125.0,2639.0
4802600.0,2386.0,2659.0
4802700.0,2142.0,2622.0
4802800.0,2055.0,2795.0
4802900.0,2383.0,2396.0
4803000.0,2241.0,2479.0
4803100.0,2513.0,2312.0
4803200.0,1277.0,2835.0
4803304.0,2180.0,2592.0
4803302.0,2372.0,2557.0
4803301.0,1562.0,3762.0
4803305.0,2254.0,2543.0
4803303.0,2372.0,2557.0
4803306.0,1819.0,2831.0
4803400.0,2175.0,2481.0
4803502.0,2551.0,2191.0
4803501.0,2614.0,2255.0
4803602.0,2938.0,1616.0
4803601.0,2614.0,2255.0
4803700.0,2215.0,2835.0
4803801.0,2840.0,2164.0
4803802.0,2472.0,2306.0
4803900.0,2522.0,1850.0
4804000.0,2073.0,3103.0
4804100.0,2366.0,2173.0
4804200.0,2074.0,3043.0
4804302.0,3355.0,894.0
4804301.0,2823.0,1447.0
4804400.0,2608.0,1669.0
4804503.0,3143.0,1080.0
4804501.0,2793.0,1647.0
4804504.0,2793.0,1647.0
4804502.0,2219.0,2290.0
4804602.0,2197.0,2308.0
4804638.0,2950.0,1475.0
4804623.0,2841.0,1471.0
4804627.0,2893.0,1525.0
4804635.0,2950.0,1475.0
4804613.0,2950.0,1475.0
4804624.0,2596.0,2095.0
4804604.0,2366.0,2173.0
4804625.0,2841.0,1471.0
4804629.0,1259.0,4967.0
4804606.0,3179.0,1174.0
4804618.0,3179.0,1174.0
4804607.0,2893.0,1525.0
4804621.0,2815.0,1365.0
4804633.0,3404.0,1001.0
4804628.0,3179.0,1174.0
4804605.0,3268.0,1008.0
4804619.0,3643.0,909.0
4804636.0,2533.0,1809.0
4804609.0,2950.0,1475.0
4804637.0,2950.0,1475.0
4804608.0,2893.0,1525.0
4804626.0,2533.0,1809.0
4804615.0,3497.0,950.0
4804610.0,11.0,10016.0
4804622.0,2722.0,1583.0
4804611.0,2159.0,2697.0
4804612.0,2893.0,1525.0
4804632.0,2793.0,1647.0
4804634.0,1984.0,3123.0
4804617.0,2815.0,1365.0
4804603.0,2815.0,1365.0
4804601.0,3179.0,1174.0
4804614.0,2938.0,1616.0
4804616.0,2754.0,1771.0
4804620.0,2841.0,1471.0
4804631.0,3184.0,1001.0
4804630.0,2473.0,1920.0
4804702.0,2614.0,2255.0
4804701.0,3268.0,1008.0
4804802.0,2856.0,1305.0
4804801.0,2815.0,1365.0
4804803.0,1344.0,4318.0
4804901.0,2098.0,3120.0
4804905.0,2800.0,1422.0
4804904.0,2533.0,1809.0
4804902.0,2967.0,1323.0
4804903.0,2856.0,1305.0
4805000.0,2812.0,1636.0
4805100.0,2764.0,1795.0
4805203.0,1318.0,4156.0
4805204.0,2551.0,2191.0
4805202.0,2217.0,2510.0
4805201.0,882.0,6265.0
4805307.0,2974.0,1648.0
4805305.0,2584.0,1800.0
4805309.0,2282.0,2218.0
4805301.0,2764.0,1795.0
4805304.0,2974.0,1648.0
4805306.0,2385.0,2228.0
4805302.0,2974.0,1648.0
4805303.0,2599.0,1978.0
4805308.0,2617.0,1777.0
4805400.0,2617.0,1777.0
4805500.0,2262.0,2343.0
4805600.0,3203.0,1248.0
4805700.0,2617.0,1777.0
4805800.0,2545.0,1840.0
4805912.0,3025.0,1446.0
4805907.0,3038.0,1573.0
4805914.0,2872.0,1494.0
4805901.0,2545.0,1840.0
4805905.0,2617.0,1777.0
4805909.0,2859.0,1402.0
4805910.0,1662.0,3331.0
4805904.0,3038.0,1573.0
4805908.0,2859.0,1402.0
4805915.0,2752.0,1785.0
4805902.0,3038.0,1573.0
4805916.0,2545.0,1840.0
4805903.0,3038.0,1573.0
4805913.0,3143.0,1080.0
4805911.0,2151.0,2086.0
4805906.0,2545.0,1840.0
4806000.0,2353.0,1916.0
4806100.0,3376.0,1200.0
4806200.0,3267.0,1382.0
4806302.0,2196.0,2980.0
4806301.0,2731.0,1600.0
4806400.0,3119.0,1201.0
4806500.0,3143.0,1080.0
4806601.0,2800.0,1422.0
4806603.0,3308.0,921.0
4806602.0,3497.0,950.0
4806703.0,3736.0,737.0
4806701.0,2741.0,1888.0
4806702.0,3874.0,644.0
4806804.0,3791.0,755.0
4806803.0,4178.0,625.0
4806802.0,3791.0,755.0
4806806.0,1360.0,4249.0
4806801.0,3791.0,755.0
4806805.0,4178.0,625.0
4806807.0,3791.0,755.0
4806900.0,3933.0,789.0
4903001.0,748.0,5608.0
4905001.0,60.0,9649.0
4911002.0,392.0,6954.0
4911001.0,163.0,7866.0
4913001.0,392.0,6954.0
4921001.0,437.0,6701.0
4935007.0,1172.0,5251.0
4935006.0,1300.0,5364.0
4935003.0,358.0,7355.0
4935008.0,163.0,7866.0
4935002.0,13.0,10318.0
4935009.0,666.0,6163.0
4935005.0,392.0,6954.0
4935001.0,971.0,5871.0
4935004.0,1190.0,5095.0
4949004.0,893.0,5620.0
4949003.0,1172.0,5251.0
4949002.0,1028.0,5264.0
4949001.0,429.0,6748.0
4953001.0,1903.0,1914.0
4957001.0,392.0,6954.0
4957002.0,251.0,7621.0
5000100.0,785.0,5414.0
5000200.0,245.0,8598.0
5000300.0,255.0,8130.0
5000400.0,190.0,8173.0
5101301.0,1258.0,4382.0
5101302.0,1109.0,4707.0
5104103.0,1106.0,4666.0
5104101.0,559.0,6268.0
5104102.0,600.0,5941.0
5110703.0,1272.0,4430.0
5110702.0,1075.0,4925.0
5110701.0,824.0,5237.0
5151084.0,902.0,5249.0
5151085.0,862.0,4548.0
5151095.0,862.0,5233.0
5151045.0,17.0,11041.0
5151087.0,144.0,8805.0
5151097.0,984.0,4444.0
5151040.0,1467.0,3338.0
5151096.0,1075.0,4354.0
5151010.0,968.0,5138.0
5151089.0,1042.0,4643.0
5151020.0,657.0,5854.0
5151080.0,1978.0,2434.0
5151090.0,1212.0,4103.0
5151044.0,1134.0,4284.0
5151165.0,1612.0,3368.0
5151155.0,1432.0,3535.0
5151164.0,1506.0,3271.0
5151120.0,1155.0,4252.0
5151135.0,2250.0,2070.0
5151105.0,1414.0,3563.0
5151125.0,1246.0,3936.0
5151167.0,1612.0,3368.0
5151110.0,758.0,5333.0
5151115.0,1531.0,4055.0
5151145.0,1356.0,3652.0
5151154.0,1612.0,3368.0
5151175.0,1364.0,3629.0
5151186.0,1506.0,3271.0
5151255.0,1418.0,3970.0
5151206.0,1575.0,3766.0
5151246.0,1109.0,4707.0
5151245.0,983.0,4990.0
5151225.0,1131.0,4170.0
5151235.0,1491.0,3650.0
5151224.0,630.0,5736.0
5151215.0,1146.0,4290.0
5151244.0,625.0,5716.0
5155002.0,1612.0,3368.0
5155001.0,1612.0,3368.0
5159307.0,1042.0,4643.0
5159305.0,1027.0,4790.0
5159302.0,1531.0,4055.0
5159309.0,1075.0,4925.0
5159308.0,983.0,4990.0
5159304.0,803.0,5455.0
5159306.0,1271.0,4505.0
5159303.0,1055.0,4217.0
5159301.0,1258.0,4382.0
5310100.0,90.0,6353.0
5310200.0,65.0,5213.0
5310300.0,423.0,6502.0
5310400.0,166.0,8018.0
5310501.0,394.0,6820.0
5310503.0,185.0,7422.0
5310502.0,303.0,6839.0
5310504.0,254.0,6706.0
5310600.0,7.0,4403.0
5310703.0,618.0,5970.0
5310701.0,90.0,6353.0
5310702.0,909.0,4731.0
5310800.0,775.0,5950.0
5310901.0,431.0,6104.0
5310902.0,358.0,6810.0
5311000.0,417.0,6247.0
5311104.0,390.0,4400.0
5311102.0,197.0,4990.0
5311101.0,287.0,4723.0
5311103.0,397.0,4401.0
5311200.0,255.0,4500.0
5311300.0,40.0,5124.0
5311401.0,100.0,5542.0
5311402.0,147.0,5227.0
5311505.0,93.0,5626.0
5311506.0,153.0,4991.0
5311504.0,167.0,4650.0
5311503.0,167.0,4650.0
5311501.0,173.0,4797.0
5311502.0,44.0,5343.0
5311507.0,62.0,7626.0
5311605.0,174.0,4756.0
5311602.0,192.0,4615.0
5311613.0,124.0,5522.0
5311601.0,22.0,5056.0
5311603.0,173.0,4797.0
5311606.0,174.0,4756.0
5311607.0,87.0,5847.0
5311616.0,116.0,5851.0
5311615.0,78.0,6135.0
5311614.0,173.0,4797.0
5311612.0,174.0,4756.0
5311610.0,167.0,4650.0
5311608.0,99.0,5750.0
5311604.0,192.0,4615.0
5311611.0,219.0,4624.0
5311609.0,219.0,4624.0
5311703.0,113.0,5101.0
5311702.0,113.0,5101.0
5311705.0,116.0,5851.0
5311704.0,192.0,4615.0
5311706.0,174.0,4756.0
5311701.0,174.0,4756.0
5311802.0,79.0,6332.0
5311801.0,90.0,6353.0
5311900.0,147.0,5227.0
5400100.0,778.0,5563.0
5400200.0,742.0,5508.0
5400300.0,586.0,5749.0
5400400.0,956.0,4744.0
5400500.0,818.0,5731.0
5400600.0,653.0,5780.0
5400700.0,820.0,5384.0
5400800.0,1085.0,4831.0
5400900.0,759.0,6100.0
5401000.0,917.0,5190.0
5401100.0,392.0,5968.0
5401200.0,779.0,5058.0
5401300.0,503.0,5542.0
5500101.0,516.0,7601.0
5500100.0,345.0,8846.0
5500102.0,500.0,7575.0
5500103.0,661.0,6859.0
5500200.0,620.0,6738.0
5500300.0,463.0,7963.0
5500600.0,212.0,9467.0
5500700.0,626.0,7640.0
5500800.0,383.0,8259.0
5500900.0,513.0,8131.0
5501001.0,606.0,7529.0
5501000.0,514.0,7814.0
5501301.0,166.0,9474.0
5501300.0,362.0,7937.0
5501400.0,517.0,7923.0
5501401.0,591.0,7639.0
5501501.0,1894.0,3743.0
5501500.0,572.0,7721.0
5501600.0,532.0,7961.0
5501601.0,702.0,6630.0
5502400.0,629.0,7238.0
5502500.0,688.0,7099.0
5510000.0,942.0,6053.0
5520000.0,791.0,6886.0
5530000.0,654.0,6589.0
5540101.0,764.0,6847.0
5540301.0,441.0,7168.0
5540701.0,791.0,6886.0
5541001.0,791.0,6886.0
5541005.0,407.0,7832.0
5541004.0,407.0,7832.0
5541003.0,616.0,7087.0
5541002.0,764.0,6847.0
5550000.0,706.0,7282.0
5555102.0,523.0,7709.0
5555101.0,671.0,7334.0
5555103.0,863.0,6132.0
5570101.0,500.0,7575.0
5570201.0,784.0,6893.0
5570301.0,572.0,7603.0
5600100.0,336.0,7784.0
5600200.0,471.0,8123.0
5600300.0,253.0,7359.0
5600400.0,1280.0,5026.0
5600500.0,654.0,6748.0
7200101.0,4229.0,0.0
7200102.0,4229.0,0.0
7200201.0,5735.0,0.0
7200202.0,5352.0,0.0
7200302.0,4537.0,0.0
7200301.0,4542.0,0.0
7200402.0,5346.0,0.0
7200403.0,576.0,624.0
7200401.0,4398.0,0.0
7200501.0,4398.0,0.0
7200502.0,1991.0,2371.0
7200503.0,2738.0,6.0
7200601.0,2738.0,6.0
7200602.0,2991.0,5.0
7200701.0,4416.0,0.0
7200801.0,2738.0,6.0
7200805.0,5426.0,0.0
7200806.0,4257.0,0.0
7200804.0,4917.0,0.0
7200802.0,2738.0,6.0
7200803.0,4917.0,0.0
7200901.0,4984.0,0.0
7200902.0,4257.0,0.0
7201001.0,4257.0,0.0
7201002.0,4257.0,0.0
7201101.0,1681.0,2947.0
7201102.0,4984.0,0.0
