PUMA,elec_mean,elec_std
2057,9.34580478583,0.286570838659
1699,9.42837361183,0.438255612263
1799,9.14276721024,0.437500696177
2144,9.45750422335,0.291789420711
1565,9.31236779462,0.438621118408
2061,9.33777442998,0.32048209763
2366,9.05394727367,0.34685635051
2367,9.08566042564,0.35412753677
2368,9.09559499189,0.360535736525
1187,9.40021285514,0.3448636652
2370,8.98011882354,0.353631331103
2371,9.0602764908,0.356210613712
2145,9.35269339995,0.347793268962
966,9.50996862168,0.408641649105
967,9.27338126402,0.427952429533
846,9.14213363182,0.411364625855
822,9.08802287668,0.418076897267
823,8.95728779826,0.377963864291
824,9.10289588875,0.461934339685
825,9.03747230064,0.399380597261
826,8.88132100216,0.346852287482
827,9.09429470123,0.413129724522
828,9.09159459939,0.404814936233
644,9.33850741163,0.443024977959
2146,9.34850923429,0.342284427682
1949,9.43735400513,0.34260325526
1921,9.44755097991,0.369135290703
379,8.90482133184,0.328307890223
2074,9.50639517799,0.278564005794
498,9.33592304502,0.345548719317
2075,9.31268772894,0.268504194037
2076,9.50956380057,0.282970351105
1566,9.41290046881,0.377816344933
1046,8.83495362117,0.39535418999
1192,9.1222144018,0.441314520113
2372,9.04007544005,0.347874399482
2373,9.07339549258,0.314686053352
1188,9.44531073124,0.32938211478
968,9.50658627102,0.389661865509
847,9.01549748796,0.386285526317
1047,8.76365383576,0.40227142003
829,9.07644152566,0.359432917042
645,9.50267870802,0.328892933298
2086,9.28731567819,0.275622404904
444,8.98349699877,0.398180080755
2087,9.33536203992,0.303479546145
1950,9.36179701878,0.334734186627
1922,9.46372631082,0.293502870269
1923,9.36019328676,0.338303863275
1801,9.16489824013,0.411080117303
1802,8.96893281066,0.424331073833
1803,9.24996420591,0.389964012182
1567,9.48569942463,0.299836876662
1568,9.05021640233,0.431045937432
1193,9.0801171312,0.435403391987
2374,9.04397541501,0.338351428923
2375,9.16680747528,0.391707637991
1189,9.52242260222,0.309231799137
969,9.4446653168,0.41114131725
970,9.17246374418,0.463838991034
971,9.23513483822,0.432969278864
972,9.1997647962,0.414615120477
973,9.2852379716,0.415545534167
974,9.18614611254,0.423897247493
975,9.25121548714,0.402421927402
848,9.08630128187,0.415458275473
830,9.15962143402,0.432873387119
646,9.45897749865,0.319121688922
1682,9.27847282851,0.4554278445
604,9.46253467227,0.30924311033
605,9.34937443902,0.343712556874
606,9.37618752556,0.304258372213
607,9.54566288947,0.240268953452
254,8.94225078635,0.330392833254
255,8.9507190245,0.424334255203
256,9.07870040115,0.364813873448
257,9.02252627197,0.325143380135
258,8.93333943443,0.418080976782
259,8.90981801181,0.348816194168
260,8.90459172738,0.291412666644
261,8.92233015286,0.290597040881
262,8.90705815018,0.294269149449
263,8.88464012763,0.305165900063
264,8.77713571233,0.315615813674
265,8.79442965395,0.360501626134
266,8.94022182588,0.299588280141
267,8.68521597845,0.351175943215
268,9.03274412707,0.446129527516
1569,9.24852356764,0.30759926489
1570,9.30995956006,0.284814324775
1571,9.21915541055,0.325302515288
1572,9.32357053361,0.363326365047
1573,9.26624874108,0.317121259934
1574,9.24726118956,0.395371265344
1575,9.42482039684,0.299250501101
1576,9.43538637577,0.302456307814
1194,9.10482967677,0.433878989048
2376,8.99496329934,0.321700576392
2377,9.03640230469,0.345828430011
1190,9.38592671416,0.32390920832
976,9.4474959345,0.409108124773
977,9.37409970057,0.412320391157
849,9.19608281958,0.420820964653
831,9.10330716953,0.427534856146
2028,9.01314523583,0.314112035169
647,9.45973128693,0.33096743149
2029,9.17268249012,0.319410139087
445,8.87826188009,0.421057067295
93,9.26728443264,0.374076399949
1929,9.55679136745,0.305539820751
2330,9.14255287004,0.402712190505
1807,8.987885918,0.463064418738
1808,9.21023062402,0.45252305821
1577,9.30481877717,0.390419629445
1774,9.11226084867,0.440194766993
1288,8.82154374737,0.384567919248
1289,8.9614129939,0.364185069388
1276,9.17276239005,0.280822949941
1195,9.38671712326,0.435716423363
1191,9.5107054384,0.294588907
978,9.30528318207,0.428065323148
850,8.98900430254,0.379264603138
832,9.31950750492,0.352344653786
648,8.90812587451,0.410753488143
649,9.35503150047,0.293485994014
650,9.10831035175,0.321930174036
651,9.25313653121,0.338232941671
652,9.4034018252,0.373480061344
2183,9.31031158902,0.434521220251
2184,9.41151533098,0.400516914523
2185,9.46257544166,0.361789123307
94,9.2918610743,0.327708088555
1546,9.43961117944,0.346360569891
1930,9.49057388432,0.297539819844
269,8.9441178759,0.353416254889
270,8.96988220678,0.366384828155
271,8.87507949185,0.383479013689
272,8.70077092011,0.359950806106
273,8.91680877189,0.310191858026
274,8.96026505724,0.320236343131
275,8.64570353843,0.385606940244
276,8.81738337289,0.330220178884
277,8.81250186621,0.383593688002
278,9.10023267238,0.342050426137
279,9.0906402521,0.336443320592
280,9.04212942675,0.388629493041
1809,9.23749522227,0.399094289524
1810,9.24987958492,0.414006935849
1811,9.24814028061,0.441287278817
1812,9.24158945076,0.41071488694
1578,9.3268172081,0.463729473425
1444,8.97274596392,0.439509484767
1445,8.98406633879,0.421024953139
1446,8.98824842884,0.369006442919
1196,9.38558558404,0.38314132468
1278,8.86168175092,0.373422768958
1448,8.99628606606,0.390291830757
979,8.98432829687,0.411327166635
980,9.17637085622,0.34584749035
981,9.26075641268,0.333720629182
982,9.02453391724,0.388546102756
983,9.28739514588,0.301046231831
851,9.0993938997,0.440094976066
833,9.11393893797,0.414661069487
653,9.305206824,0.365340416907
654,9.48350908081,0.293475563752
1454,8.9700586116,0.374318227443
95,9.36621737052,0.381754980361
1931,9.4828176222,0.312294987653
1447,8.8984666484,0.403916977485
1813,9.30248023748,0.39628521407
1814,9.18512847976,0.475286331682
1815,9.21539659151,0.404457057926
1816,9.19919805168,0.415325055627
1817,9.23532979516,0.418819328708
1818,9.20493078679,0.401035395245
1579,9.3417101357,0.449538677479
1290,9.01267000884,0.393201219955
1291,8.96973673263,0.384396312726
1292,9.05822810061,0.392043030311
1293,8.99266550077,0.394527974737
1294,9.08959142274,0.387091183096
1295,9.09401453538,0.390907640387
1296,9.13981850447,0.40667157388
1297,9.01452084219,0.325126718788
1197,9.31271887829,0.337090402863
984,9.41722300697,0.44076587912
985,9.35177269574,0.432433143878
852,9.09582904018,0.426648017893
1449,8.87597373863,0.453777747366
834,9.17161176206,0.435917683433
497,9.36513338026,0.351994263534
655,9.30202562236,0.380028453827
446,9.15095534786,0.402872514891
447,9.32654662209,0.399556822388
448,9.24047746109,0.424777714289
449,9.38868076496,0.412779659505
96,9.30339284042,0.388562336386
1932,9.25904050932,0.410476838867
1819,8.80959919582,0.359076298411
1820,8.83170484162,0.357689066626
1821,8.78490409301,0.315794797992
1607,9.07903431097,0.442709031283
1823,8.74868385138,0.343557353666
1824,8.95343991693,0.317317348297
1825,8.77367928147,0.358451818977
1826,8.81521725902,0.317406195124
1827,8.69606041383,0.352637403384
1828,8.80118932177,0.372058514484
1829,8.72342406648,0.331962503676
1580,9.4992492698,0.3062260787
1298,9.05068075334,0.422184772413
1198,9.16153124811,0.455000063074
986,9.39122117511,0.371200843322
987,9.23888431446,0.429604623172
988,9.00751433444,0.477260289773
989,9.24380349066,0.436330065531
990,9.16470471823,0.41889873809
991,9.31476611127,0.408877707211
992,9.04078695094,0.401529721075
853,8.93926198392,0.358475622531
835,9.32485454135,0.456150887463
1974,9.37068806589,0.308741289077
656,9.4869621177,0.301064239514
1975,9.55264922944,0.281763167543
450,9.39674256434,0.329551825352
97,9.28885499431,0.3845437872
1933,9.41314899675,0.332938516123
1830,9.23163507771,0.407319269997
1831,9.11226815028,0.429136377052
1832,9.1714902371,0.400441560643
1608,9.02653100104,0.389022229764
1581,9.2911205973,0.417017165536
1299,8.95368676114,0.450049666888
1300,9.06994177129,0.391409358835
1301,9.06550818776,0.396199781119
1199,9.19812523547,0.447274314043
2175,9.01786826499,0.358958504137
2176,8.8585351926,0.364603846985
993,8.98186710376,0.3708221765
994,9.20240257965,0.425056270673
995,9.09623292968,0.37221269397
996,9.08940275618,0.441317360275
997,9.25341332132,0.424187601786
998,9.37148975696,0.383122967554
999,9.09493184774,0.429129460211
854,9.07627738058,0.414819452569
836,9.28386013858,0.42435933351
657,9.47048005752,0.321621704005
1618,9.04077415813,0.397293322032
451,9.27321256557,0.435928921747
1683,9.18232447304,0.46047855246
98,9.17850375175,0.393293092302
1934,9.42004813269,0.326782472517
281,9.00277628166,0.320920342494
282,8.94918913154,0.292671809086
283,9.02357266841,0.321643422767
284,8.9640888069,0.35471587308
285,8.80522311677,0.399249278119
286,8.84352144372,0.310938530391
287,8.83926082446,0.32266407387
288,8.76144918916,0.291469707743
289,8.69065065751,0.314763015542
290,8.62374935466,0.297536910291
291,8.86849099677,0.382027917121
292,8.7518123311,0.324658057193
293,8.85998439036,0.27430084456
294,8.77838105002,0.345062270347
295,9.05893785258,0.310926132328
1609,8.96030264179,0.357024859694
1624,8.83629737783,0.342136117927
1582,9.42262994778,0.380546888223
1302,8.8653111784,0.413659054901
1303,8.93107754644,0.432961259042
2340,9.08974929274,0.388517145523
2341,9.10141714637,0.378771932098
2342,9.19732118503,0.41713750437
1200,9.10990189398,0.386987378943
1201,9.2111642415,0.324820179378
1202,9.23900853916,0.360009195349
1000,9.38602613912,0.404391986408
1001,9.40980414657,0.37894301026
1002,9.51405839912,0.395074961706
1003,9.3412978098,0.45813981566
855,9.20866456415,0.440619785673
837,9.32728421354,0.332825211205
680,9.13633137173,0.470325476929
658,9.34163545388,0.435144571662
99,9.30690654994,0.372937943867
1958,9.49128897114,0.315829972418
1959,9.29369868143,0.320346154925
1935,9.22231840973,0.30798596229
1936,9.37590776127,0.302401070199
1937,9.39572864313,0.309646731368
1938,9.57157735446,0.29207917385
1851,8.78460044211,0.441279774835
1852,8.69945925073,0.386525534585
1853,8.62258982932,0.382714316081
1854,8.73456085205,0.369109810505
1838,8.94625938626,0.423580932647
1839,9.18599645387,0.439577395393
1840,9.25709872339,0.436688842865
1610,8.88581475762,0.36337213277
1583,9.52758445963,0.308572137009
1304,8.85906772845,0.409179088035
1305,8.87287959926,0.447684848834
1306,8.97485113653,0.403147188453
1203,8.86491584597,0.375415589261
1204,8.96973268591,0.30467741206
1205,9.2762804837,0.333009181669
1206,9.17895091444,0.35106918293
1207,8.96379809204,0.344962692657
1004,9.3983445223,0.403133165391
856,9.28691367172,0.435586838943
838,9.26748090481,0.387085679462
681,9.14984929939,0.444780476446
659,9.32369475615,0.317206407275
496,9.48928914142,0.268486920801
100,9.38854259575,0.320380880687
296,9.0177694731,0.474570191445
297,9.15098805724,0.420921397205
298,9.08553369842,0.412902625129
299,9.0013728394,0.424897771954
300,8.99030020693,0.482414653356
301,9.1190430744,0.436268763207
302,9.01273749669,0.424095154881
303,9.12882824308,0.404171475824
304,9.05464430406,0.445137308726
305,8.73377073255,0.471080510837
306,9.11031578559,0.420030667183
307,8.93364679683,0.359919544599
308,8.89684127092,0.419387820024
309,9.05475333266,0.361337126195
310,8.8225588651,0.430288331035
311,8.58790345895,0.394932522158
312,8.79186291248,0.404069490412
313,9.07121149002,0.39909838559
314,9.08870181079,0.421947153891
315,9.19931181614,0.441628448631
316,8.81466680435,0.384823092238
317,9.14839163393,0.370754628183
1584,9.45300350753,0.346897552854
1307,9.07576333799,0.453720107502
1208,9.17121113997,0.435004819446
1459,9.06607522681,0.395168865309
1005,9.32363407406,0.389521498494
857,9.17699200167,0.412020069917
839,9.30346740647,0.358726723662
682,9.19752591382,0.43066320363
683,9.27050656201,0.402886595504
684,9.18885092458,0.459767706948
685,8.61042908796,0.362599792553
686,8.84239170753,0.533628736141
687,9.11985841347,0.454082598425
688,9.12611624829,0.549574667796
689,9.21794956809,0.469884392102
1902,9.2204116508,0.426728117274
101,9.33383821689,0.297001466268
1856,8.84471162535,0.438564872917
1845,9.16820439479,0.43923167039
1846,9.27213560845,0.431018773123
1612,9.01112015426,0.364854039359
1585,9.48268641757,0.315741563251
1308,8.97373728253,0.357758732196
1309,8.99007155761,0.450938178299
1310,9.05001248143,0.407212230578
1311,8.91717136102,0.437851668149
1312,8.7942817151,0.386559546407
1313,8.96667326175,0.410533780379
1314,8.78001788681,0.414120263974
1209,9.33163041357,0.354517629442
2293,9.07358648839,0.443011649679
1006,9.50743676916,0.372974416934
864,9.07645490349,0.45010775644
858,9.12849233122,0.430803779527
1805,9.21685663033,0.449774247861
840,9.30771476829,0.4242075537
661,9.42168024393,0.427464120279
414,9.09451770819,0.325133138797
415,9.06354139902,0.478017454768
416,8.92251714061,0.408743975409
102,9.30691606006,0.30087353379
418,9.00410132306,0.423126647279
419,9.21679712937,0.430555834445
318,8.57339383475,0.370526571989
319,8.4436013304,0.332367207766
320,8.43933971106,0.317296293397
321,8.54198613446,0.384992806229
322,8.67644552062,0.403026383778
323,8.74809622463,0.369691102088
324,8.80563973441,0.389514022421
2244,9.37004108427,0.379733808256
1847,9.19790443825,0.492337090819
1613,9.22535214105,0.345353668137
1586,9.42788825129,0.3484105819
1315,9.09034138297,0.398770932045
1316,9.17697398455,0.387915169805
1317,8.99172697655,0.40658703976
1210,9.35623067892,0.411201268079
154,9.08240233584,0.370196391575
1007,9.42647822245,0.396779665395
155,8.68211846277,0.345307564614
865,9.13916351735,0.325658310115
156,8.9708522323,0.344944244808
859,9.11335616566,0.430314829246
841,9.02676421392,0.451422266177
2136,9.40094019501,0.317329979564
662,9.45169526188,0.375855655406
103,9.39127912959,0.318305357851
1963,8.99241392636,0.334920111589
1964,9.50937759635,0.358772168346
1965,9.51525781871,0.32669085519
1966,9.66063977212,0.290482169288
1967,9.46383976318,0.291133054817
1968,9.55458950232,0.281939299625
1969,9.30016140014,0.396837545035
1848,9.04290447328,0.466560103872
1614,8.9551966906,0.335974820313
1615,9.04379308196,0.39971573799
2288,9.29031106989,0.404951658116
1587,9.44585287509,0.298855900147
1318,8.85654696869,0.375584536082
1319,9.06794654798,0.392515952473
1320,8.86528288059,0.359851801068
1321,8.95869898577,0.37294745782
1322,8.93245849456,0.393469859007
1323,9.0868409439,0.368204194486
1211,9.45885451969,0.317519800618
866,9.23228487076,0.336408319983
860,9.19947967699,0.474292248466
663,9.34590846836,0.313485722067
664,9.27212923392,0.346851148047
665,9.22178185806,0.350587239732
666,9.12575367216,0.351033422951
667,9.24302436102,0.353888504327
668,9.48890908388,0.305864413829
669,9.28613923798,0.280528449383
499,9.4505567786,0.348432324476
500,9.42417597894,0.366176253932
501,9.31292018877,0.343994653211
502,9.50769812856,0.298021706295
503,9.44091313266,0.309682749149
504,9.50435264461,0.315941646389
104,9.44457419453,0.295935649876
1970,9.40842924488,0.297270687682
1971,9.36063687236,0.260034431572
1972,9.66678169088,0.291887880697
1973,9.59514327323,0.292290564131
325,9.04907188171,0.443832997961
326,9.09707265489,0.348228730504
327,9.11783730332,0.443441298533
328,8.88778372545,0.441407372033
1849,9.04265117351,0.426084595838
1850,9.01421797303,0.44530214668
1616,8.9456990301,0.398797022781
1617,8.93072608521,0.409521037816
1416,8.82764865375,0.367809248593
1619,8.82848308199,0.320570585285
1620,8.76969712578,0.343881791534
1621,8.7774673831,0.35288778342
1622,8.85531157387,0.284051519671
1588,9.43243666995,0.31813698864
1417,8.99399544613,0.387548206658
1625,8.93570270204,0.35134966272
1324,8.97026638631,0.344935882764
1325,8.86665376099,0.32973949881
1326,8.92373438883,0.401109328101
1327,9.00795255876,0.377767894447
1328,8.91438957826,0.335762807439
1212,9.35469288513,0.432390733057
1008,8.79179141431,0.431446565642
1904,9.43961534333,0.376651093134
867,9.1917616395,0.364514664854
861,9.06207614372,0.443061575709
2289,9.23943476281,0.369763503758
670,9.50285247507,0.280489117453
105,9.39229891418,0.408872046362
1976,9.51221747653,0.318752040359
1977,9.54498016475,0.319895241202
1626,8.88506559356,0.3451864786
1589,9.46548011348,0.312048584966
1329,8.88159046092,0.463212154826
1330,9.11873455284,0.330349094071
1136,9.10029109624,0.390900062099
1213,9.41609978661,0.443503243894
1009,8.856622118,0.379686391215
1094,9.06573125805,0.392382286534
868,9.0829244036,0.309817207888
862,9.30710916923,0.346535309852
671,9.42766861707,0.359909448659
1051,8.87113762172,0.386787167037
2237,9.03389077981,0.406196509596
1052,8.65824531126,0.336272877786
106,9.36850629089,0.299013440458
1053,8.91502832655,0.401097621221
329,8.53487970291,0.325994376624
330,8.93988313937,0.342142207872
213,8.60735064054,0.332927973759
933,9.42668163031,0.322419832032
1627,8.95054259516,0.386928835519
2222,9.29571939777,0.428956704316
1590,9.47829671168,0.289664072862
1331,8.91027499694,0.430453926529
1332,8.81985847434,0.457804709385
1333,9.08382957281,0.462305282989
1334,9.12763767127,0.439750471563
1951,9.39733463169,0.341833436425
1214,9.32201451631,0.338122661918
1215,9.33946373803,0.350681066849
1216,9.19436695282,0.365356689538
1010,8.73441016094,0.385145643583
1011,8.82616189848,0.433243191713
1012,8.96505583305,0.426829304719
1013,8.93897222107,0.438006640977
1014,8.96122043087,0.422966721562
869,9.24775571955,0.392467285237
870,9.13966303768,0.291785722099
871,9.29026530955,0.329049924645
872,9.23479797848,0.357119187921
1924,9.36824087794,0.276309155269
1925,9.43315919816,0.295102536467
1926,9.28674775465,0.300178331295
672,9.38459877813,0.365260492946
1927,9.32637268306,0.299702322803
1928,9.22382476703,0.429075898292
2238,9.13636826951,0.425528999689
107,9.43907281094,0.31819957088
1979,9.51633051248,0.267669541307
1980,9.31651103504,0.304145534389
1981,9.47754808827,0.289757860238
1982,9.39456091868,0.286114980958
1983,9.38416726708,0.279031640608
1984,8.88265719278,0.355311179883
1985,9.26698807255,0.280976975459
0,9.45309968433,0.321692657683
1987,9.38008738191,0.329675897393
1988,9.28199583163,0.264140018714
1989,9.38386403618,0.356645195488
1990,9.34489181879,0.367981420121
1991,9.21986033793,0.247771139863
1992,9.26110685538,0.304591145266
1993,9.28308583287,0.290130658215
1994,9.29387994094,0.260783380726
1995,9.39233075243,0.324093473735
1996,9.23331329087,0.443691114347
31,9.30060578979,0.335101087261
1628,9.16028540141,0.432213144699
1999,9.26706721209,0.260180892639
2000,9.38475504621,0.286392454827
545,9.48916037914,0.31752366141
1591,9.55713164884,0.2880376322
546,9.53001157201,0.286815185971
1335,8.99415102108,0.427464782663
1336,9.0282687413,0.430181889633
1337,8.92602772605,0.420314452774
1338,8.88939987384,0.377449177125
1731,9.16112644459,0.435194054557
1239,9.13533999885,0.406669656355
1804,9.25415610942,0.421973203515
1217,9.1163545365,0.330926315074
1218,9.14060786469,0.287306494384
1219,9.05178424319,0.269556589723
1220,9.17892142417,0.403427442773
1221,9.19089376749,0.420218212321
1222,9.30249628556,0.30215552866
1223,9.04001008932,0.339377871492
1224,9.25921256007,0.34337417798
2294,9.00370079801,0.403210068676
1806,8.86515641618,0.425284360741
873,9.15116796591,0.315885612261
673,9.38544211738,0.331567757461
505,9.42639530968,0.300100814896
2239,9.48253213461,0.368218802025
108,9.39774704967,0.334172337661
331,8.76029559855,0.454674680972
332,8.76563490111,0.419647400581
333,8.75862976485,0.42965730614
1,9.572515564,0.271129242388
335,8.80705782973,0.41543139982
336,8.92982463578,0.42968837259
2113,9.44653769904,0.321820338525
1629,9.01530737733,0.408948793157
1388,9.07674744647,0.38538189757
1592,9.42569685213,0.326014845958
1339,9.09392217366,0.41479483618
1240,9.03251019842,0.403852994813
1225,9.04233649793,0.259415936617
1226,8.9826520578,0.347623682646
1978,9.34397963682,0.399981696399
1016,8.91985655409,0.369599139517
1017,8.68842238756,0.357238895042
1018,8.86920815409,0.416916971459
1019,8.82042623568,0.404102796749
1020,8.71243052222,0.44348295788
1021,8.62728651338,0.35556646683
1022,8.62187610808,0.389568408967
1023,8.69847175935,0.411300846908
874,9.12522232446,0.298342384541
875,9.09957726048,0.378409417436
674,9.4837116345,0.294397917902
2240,9.32929618093,0.384912199803
109,9.32653263007,0.310121403505
2002,9.49668628039,0.326432965579
2003,9.36290633734,0.266412615619
2004,9.36472891303,0.292478897186
2005,9.58525594765,0.297774166444
2006,9.62733949617,0.275180086212
2007,9.56128511996,0.257289465324
2008,9.42395159776,0.310020681248
2009,9.24703208932,0.334756760093
2,9.47865745789,0.304424556592
3,9.42774017722,0.339219060478
2012,9.56857558887,0.240217063189
2013,9.12872974441,0.395806180661
2014,9.3795309283,0.315433383683
2015,9.3928443856,0.317780864991
2016,9.34991613286,0.299278442118
2017,9.52604712087,0.278214195715
1630,9.06007400347,0.413657866691
1593,9.41853000177,0.380164634095
1340,8.99034202152,0.420973508188
1241,9.01529851202,0.396101293326
1227,9.37707244439,0.41304103815
1228,9.48542432207,0.393799479254
876,9.04448337331,0.425556533455
675,9.15631831545,0.311153186217
506,9.51439873272,0.298787336702
1685,9.23798324909,0.463866283887
113,8.7177316914,0.395677966688
114,8.56104655544,0.395774240271
115,8.81649487323,0.451898146884
110,9.35770513033,0.348412205257
117,8.68025481694,0.3822653543
118,8.8886117723,0.449559954281
119,8.91020181241,0.430986614515
120,9.00720608367,0.420929972925
121,8.89563634349,0.428729657177
122,8.98114288082,0.438643658098
339,8.56167700945,0.348959213392
4,9.46342195749,0.312603453818
1631,8.89263440664,0.348767757915
1594,9.49258886086,0.328381085574
1341,8.6465547379,0.366533762692
1242,8.97466279146,0.374011755321
1229,9.36941590776,0.422288980117
1024,8.77189064481,0.384197258888
1025,8.98258686585,0.404491039621
1026,8.79370335247,0.43505074713
1027,8.72423092952,0.408116779152
1905,9.40992408987,0.408961768186
2265,9.25518635286,0.374502067644
877,9.23665175645,0.363040321337
2266,9.26285703278,0.382099085224
2299,9.03000131471,0.410222757805
2245,9.08701346058,0.460761728124
111,9.34937307149,0.327558676258
5,9.45665837812,0.343753391225
1632,8.86041537696,0.32282844177
1362,9.24080441989,0.326553540169
1595,9.34861400379,0.31758676609
1596,9.5299206563,0.281400258514
1597,9.37671227315,0.384578323488
1342,8.76329875063,0.358218798077
1343,8.98026383999,0.395154971346
1344,8.81209058726,0.425801209116
1345,8.75005325802,0.364642403759
1243,9.03057735546,0.32419039744
1230,9.36582897887,0.352536899913
2226,9.38267348929,0.335839845299
2227,9.53650721296,0.280961872943
878,8.92530891533,0.371485229999
2300,9.2196416012,0.460002704984
123,9.01734730073,0.35716861669
2246,9.34848909449,0.40657822132
2247,9.30656249047,0.432167058847
2248,9.30463543664,0.422619546315
112,9.36755028613,0.353833053754
340,8.80519806611,0.425762682263
341,8.78854667501,0.411584375835
342,8.60677743711,0.357054740604
6,9.49727022278,0.300462580879
344,9.03759435624,0.388294250833
345,9.13667145885,0.421272701819
346,8.96785066065,0.409363459066
347,8.84127357865,0.410576096394
348,8.75372252161,0.397838773017
349,8.87406167952,0.42415144998
350,8.95426518934,0.450560636855
351,9.09193359432,0.42933047743
352,9.06059647008,0.430733865524
353,8.94916584329,0.450670767824
1633,9.0454762737,0.437000463228
2331,9.05075224896,0.405393656745
1598,9.46463729756,0.319455127743
1346,9.12358239323,0.399709542932
1347,9.13584917221,0.4146167603
1348,9.18774922907,0.392345185321
1244,9.14023109837,0.413355188825
1952,9.4872068108,0.309596621141
1231,9.18199835855,0.400133631876
863,9.1284176833,0.412866368506
879,9.03540977195,0.379828296376
2098,9.44033142018,0.343343438037
2301,9.30757101116,0.463555939088
452,8.92713470252,0.335582633689
453,8.85887333306,0.341984418625
454,8.86226787587,0.371007885544
455,8.96403609126,0.387210830188
456,8.84203057798,0.359451298902
2249,9.38912052275,0.422940577931
2021,9.36047871378,0.343342548352
7,9.4880785383,0.319233059603
1700,9.38977165463,0.31992383828
1634,8.98140730346,0.375326950101
1635,8.85169406968,0.321139310453
1636,8.8687593384,0.311704897307
1637,8.87101416171,0.310565446927
1638,8.94031138527,0.368981495869
1599,9.33771721295,0.41228959265
1349,9.09503863833,0.416233867044
1350,8.9814847752,0.416765728739
1351,8.94585763707,0.35200389296
1352,9.11123954816,0.412217284094
1245,8.89360260171,0.366817514834
1232,9.24919075842,0.479261897342
1028,8.89333309174,0.421087549864
2295,9.06041469092,0.417412815867
880,9.20421088475,0.386112842539
881,9.21378872348,0.325919902134
882,9.06746262803,0.273431635411
883,9.23084041484,0.32957077033
2302,9.16789839549,0.457451312853
676,9.46180360903,0.297945188172
677,9.29986155624,0.285941292585
2250,9.18539371377,0.441928674381
2251,9.43549321699,0.430355835632
2022,9.37451804876,0.301592854658
2287,9.17205813267,0.340160880676
354,8.913459482,0.419347437563
355,8.80012319969,0.419235018233
2181,8.99610330111,0.472501472751
8,9.46198130339,0.328050452305
2182,8.89169771788,0.432223998854
1701,9.36358796913,0.357101474338
1639,9.07708326285,0.397291072432
2332,9.03137570325,0.40438317456
1600,9.31683029052,0.409442230523
1353,9.01960772736,0.3977131589
1354,9.25009404994,0.379064286531
1233,9.2823409784,0.373874097584
884,9.2826026976,0.361546452405
2303,9.28581319693,0.447648403188
2252,9.36680870657,0.425817123473
1986,9.39025221321,0.325277967134
2023,9.37538587743,0.300804556256
9,9.08049474738,0.454223151913
1702,9.39072891093,0.343243258528
1640,9.06503693172,0.403353900403
1601,9.47267085894,0.346317066314
1355,8.86144997066,0.404877546082
1356,9.10888232258,0.391949864283
1357,9.07237542273,0.472895994885
631,9.49151953578,0.308621952307
1234,9.26148092628,0.382504266238
1235,9.11173989656,0.400166653031
1236,9.27284712567,0.344620037941
1997,9.49565136524,0.300458626475
885,9.2164735533,0.348223688811
1998,9.34129407187,0.308477461307
690,9.19659842209,0.417760943567
2304,9.28918291952,0.444749798172
507,9.48736772887,0.312122615945
508,9.44001614606,0.269173521626
509,9.48992155939,0.302694740927
124,8.96794628685,0.379471370351
125,9.04078080423,0.346560656169
2255,9.2198594188,0.419572896686
2024,9.11757440784,0.453183994938
356,9.06793544974,0.358082033644
1858,9.25912745043,0.430289733793
1859,9.3099102823,0.409393061253
1860,9.25926905922,0.429738501971
10,9.40974990923,0.334645844117
1862,9.4797216889,0.291534775781
1703,9.15452144534,0.426638150716
1641,9.04957405798,0.45197302716
1367,8.92885534392,0.313983944745
1358,8.87014919493,0.369485856063
2268,8.89514842206,0.37449276058
1237,9.41613072485,0.342743165782
2019,9.35621108829,0.315574200992
1029,8.94166007749,0.401075890975
1906,9.33572733893,0.417180243013
691,9.14305714259,0.388527110072
2305,9.35506799595,0.429151238409
2276,9.18271519046,0.383470644702
2277,9.12056435872,0.352537028152
2257,9.40099888952,0.428922376885
2278,9.08055400465,0.366784698271
2025,9.21196406622,0.259958294939
2026,9.2553122622,0.267033362415
2027,9.1499512311,0.294778470462
1863,9.42087426555,0.316178678846
1872,9.35259803649,0.333392514244
2030,9.20192079403,0.299232278962
11,9.25059237399,0.430301161992
2280,9.2072076443,0.359236005086
1704,9.28283068645,0.344085017092
1908,9.42630929062,0.391120792005
1642,9.0418639427,0.407225764669
1368,8.83289200171,0.367823767711
1369,8.81519107182,0.359453300308
1370,8.78134392204,0.333466677363
1359,8.99999807473,0.416200702031
1372,8.89757421989,0.30023554044
1373,8.89396376392,0.300989141494
1238,9.33221348138,0.349411107605
1030,9.02317172851,0.41008332703
1015,8.97381914549,0.380338555981
2318,9.04270970431,0.357353072327
692,9.20046725572,0.430175064632
510,9.3102190084,0.332323943182
511,9.48529225908,0.250821145113
512,9.46595698585,0.254951480391
513,9.34381984955,0.331805359149
514,9.41071906931,0.280768977795
2258,9.31388318549,0.427005179463
2031,9.43791439861,0.322710657387
1864,9.37969405369,0.326808165712
1865,9.3437646709,0.413033118678
12,9.52456900145,0.352187222424
1705,9.34322127074,0.294136816985
1706,9.31679463913,0.343455886116
1643,9.0126193757,0.408579994339
2333,9.09881835719,0.409222827572
1374,8.86265282849,0.346672753284
1360,9.20189751418,0.31779424487
1953,9.43438448855,0.332300412581
886,9.32832184193,0.347957490004
2099,9.48580074169,0.351664635889
693,9.24594317027,0.405059962705
2177,8.83186390015,0.389032542169
2259,9.16536362739,0.365786101801
2260,9.37764412774,0.37485245805
2032,9.50267342849,0.253860104366
2033,9.48506490365,0.300987437787
1866,9.42284670211,0.32909624312
13,9.26553637378,0.310140397951
14,9.24618418517,0.295570794969
15,9.33433362613,0.320438951721
16,9.2553045337,0.399174437431
17,9.23026721608,0.427152998223
1707,9.24099168629,0.444314410877
1708,9.36001603786,0.338277721341
1644,9.06237604308,0.418931073124
1375,8.93411910719,0.323441091788
1376,8.81679351975,0.385878825775
1031,8.87308958498,0.374329098891
2296,9.42138669526,0.400327374718
887,9.45123450024,0.318653704945
2069,9.42603831651,0.316847609161
694,9.11964605412,0.425963378272
515,9.54320867053,0.301061275595
516,9.34442214419,0.294901200481
2178,8.86240353046,0.353694665444
126,9.12837517877,0.384959840326
2261,9.06108013311,0.442280983476
2262,9.21264412758,0.434068136375
2263,9.10529638312,0.343470317459
2264,9.26016312759,0.375024653969
2034,9.45410373765,0.319344449515
2035,9.35576073498,0.280706338945
2267,9.4241642668,0.372388848383
1867,9.33245794292,0.411628840265
1868,9.11508475887,0.393141314488
18,9.45540776329,0.338565898367
1709,9.27481716682,0.321267039177
1645,9.00227937052,0.39925998787
1377,8.95763728912,0.406506615504
2001,9.5189935313,0.335841665075
888,9.29220246079,0.3964781635
695,9.08677629846,0.377366357685
2179,8.82474286922,0.343158248893
334,8.81189362991,0.399359666248
2269,9.0217338833,0.360341536788
2270,8.86335318887,0.354725189759
2036,9.42452777419,0.341752420464
2272,9.02709105031,0.353508763845
2273,9.11668319778,0.362228460311
2274,9.15707580053,0.393621786429
2275,9.11556204872,0.381117782652
1869,9.55232321511,0.289346547316
1870,9.48141017605,0.316716112946
1871,9.50829789027,0.296471624889
19,9.4717613737,0.316968781568
1873,9.50044210194,0.345180871494
2281,9.22751270377,0.349377868385
2282,9.28871714775,0.366446834618
2283,9.28978067111,0.354835498731
1710,9.28059782509,0.286062723126
1646,9.13060035313,0.443261809217
2334,9.19687299465,0.334113222327
2335,9.16432930459,0.381207945835
2336,9.01376116865,0.386558609524
2337,8.92057094511,0.387584740434
2338,8.989865831,0.372837865873
1378,9.10384466369,0.380560055627
632,9.32479581495,0.307052200283
1060,8.94066089204,0.362604826231
889,9.41334506541,0.354353754839
696,9.02643851469,0.388273807622
697,8.99573351684,0.389531877975
2306,9.00775774946,0.377302507337
2307,8.91580319281,0.419741163876
2308,9.05840168788,0.395897542577
2309,9.0802546272,0.392632316308
2180,8.84588419871,0.3667245402
127,8.79145730057,0.386523106985
128,8.88478111503,0.417875136475
129,8.85969579592,0.462658640838
130,8.92275418081,0.447294703971
131,9.12337711374,0.428043187497
132,9.07909777052,0.397402493983
133,9.16755290338,0.418149063266
134,9.11512764419,0.444514717472
357,8.89759326375,0.434787631537
358,9.05045250449,0.466600161065
359,9.14782174653,0.37463608831
20,9.35176231853,0.295610300144
2093,9.49394949757,0.263432316594
1711,9.25477949169,0.255015103079
1712,9.2498293017,0.268952066349
1713,9.39256431172,0.31339649207
1647,9.06241677335,0.409855999794
1715,8.98648020149,0.362549935748
1716,9.02460271648,0.355063961268
2284,9.08426243406,0.346799098297
2094,9.53592462169,0.32387319587
2285,9.1184518495,0.390438707857
1061,8.95903254117,0.352932316364
2286,9.07907524499,0.428434792237
1032,8.73979944536,0.375503895994
1033,8.8416144129,0.397577802243
1034,8.83852527418,0.401402052363
1907,9.38821143284,0.375789391
890,9.26769758501,0.3841910315
2037,9.24880871322,0.360681948363
2038,9.52674082374,0.303006629534
698,8.98740930347,0.358209156149
2095,9.51704384259,0.355054506709
2310,9.05491153776,0.408277634009
1874,9.26646021046,0.440599159129
135,9.10835106246,0.448961603048
1800,9.19320439484,0.453739762841
2291,9.20067907513,0.424097375767
2039,9.41966991005,0.327192779555
2096,9.52457571745,0.260952497879
1875,9.42883154379,0.385063354207
21,9.35966440243,0.339149527403
1717,9.37740988525,0.338707307511
1718,9.37884687677,0.308272637181
1648,9.08013674289,0.422559467771
2161,9.00075779286,0.363039395514
2162,8.65719816797,0.355257807442
2163,8.98732253021,0.334451649572
2164,8.87057282179,0.410843571679
2097,9.61444771391,0.2981724847
2166,9.22114438356,0.358248430293
2167,9.15919059116,0.428692586871
2168,8.8972339474,0.418074086673
2169,9.13068724556,0.412135330715
1062,8.92228800744,0.32602220773
891,9.41123446154,0.416147170768
699,9.22098003326,0.446149588021
1714,9.41093205117,0.295590188813
2311,9.12055056411,0.346719674992
678,9.30991177807,0.380038144288
679,9.38591363785,0.289260931048
136,9.1500722943,0.411833350526
2040,9.40385435227,0.32544830599
1876,9.4727022499,0.354909758681
34,8.81065041878,0.285020048625
361,8.90375896538,0.470285128349
362,8.87472001175,0.442874938814
22,9.4435102541,0.352064773162
936,9.4295614416,0.282139592883
1719,9.25775220248,0.301986129026
1720,9.37103774935,0.29538507451
1721,9.3106545939,0.292280281108
1649,9.13125751693,0.448073590182
1246,9.34233020713,0.385335715819
1954,9.40218191212,0.344392679261
1063,8.95407017386,0.34942581957
1472,8.8298452579,0.455071101487
892,9.45729619679,0.419062753308
1623,8.73369255625,0.33504533662
700,9.22789135417,0.454816274
2041,9.45722631369,0.305105244577
36,8.9437214536,0.322401034505
23,9.43041753377,0.317913301244
1723,9.35861625823,0.298325645193
1724,9.33260936631,0.342347435557
1650,9.06347316417,0.451311016981
1247,9.17592748794,0.496028359668
1914,9.48909395162,0.3078837077
1064,8.96241423748,0.371916880828
2297,9.19568300231,0.444424240746
893,9.45132531852,0.372014359446
701,9.119134256,0.39134198742
137,9.08286183583,0.394136457431
2042,9.48774086215,0.302204121758
37,9.0143151194,0.380409469653
363,9.04245008719,0.353626512489
364,8.82475606053,0.340572193345
365,8.98123591689,0.392037400383
366,8.91816829195,0.311588939529
1664,8.90600380151,0.409907211438
1725,9.31672621537,0.327235199469
1651,9.0356076073,0.413113361525
1248,9.09776300283,0.478960344629
1065,8.99523761589,0.401963371975
1894,9.22893788717,0.44153609539
894,9.35566375103,0.429190176313
702,9.18336360278,0.44964721202
2312,8.99775048891,0.339906621026
2043,9.35921618533,0.307489994696
2044,9.33257334639,0.305038904047
2010,9.37108261793,0.298889338492
38,9.06542716509,0.378520227454
1880,9.53653384675,0.290568156101
1881,9.45856806598,0.306679974551
1882,9.53339648812,0.321305319634
25,9.47321299619,0.324392437864
2011,9.57142963112,0.27242586954
1726,9.29993174561,0.314684896281
1652,8.89498092954,0.333204578077
1379,8.86373835572,0.372728188443
1249,9.22754822019,0.448461599155
633,9.47192937661,0.342403794169
1066,8.89569797037,0.363798221823
1035,9.01805822722,0.409555336352
895,9.42682755765,0.400723448741
703,9.02376820514,0.41219197623
2313,9.03091167949,0.393447892536
517,9.48961293488,0.301344375981
518,9.3391908075,0.367539636784
519,9.40232529964,0.317388189302
138,9.11753893612,0.365829373391
139,9.14964990525,0.373036276384
140,8.95606810991,0.338989694684
141,9.03510815037,0.398559691192
142,9.08223696694,0.451624069468
143,9.17167470399,0.372402156875
144,8.991633484,0.402293032777
367,9.12088240164,0.366416918784
26,9.46884427256,0.346360570794
1727,9.33228423582,0.323012434658
1653,9.27176261315,0.375188125011
1695,9.101940294,0.394299317203
1380,8.95538308043,0.376503530683
1696,9.16083572614,0.446343004992
1250,9.0852384076,0.439203143796
2290,9.28873733769,0.417166306318
1067,8.96018899842,0.361197316175
1068,9.02873748939,0.364914500892
231,8.93432786041,0.438230330855
896,9.48255717657,0.349618156798
2314,8.98655092174,0.332959807998
2046,9.47268966878,0.297297320406
2047,9.45778864647,0.312532896589
2048,9.52476916182,0.404262736153
1885,9.4510076222,0.309340372734
2157,9.03007968612,0.346574136917
2158,9.04969314857,0.398249624625
27,9.46955010821,0.32377643465
1654,9.0990126964,0.4392120021
1381,8.92581963379,0.443366525488
2339,9.00881195525,0.384523437758
2360,9.02840801284,0.365696407054
1251,9.17736023639,0.451708627601
1069,9.01530877285,0.393616356902
897,9.40817436855,0.407374120363
2315,9.06633576924,0.350335397222
457,9.29886985917,0.308096351747
458,9.47254621935,0.297294570865
1055,8.8535473545,0.331861282076
520,9.43495634037,0.314858774384
521,9.40193014528,0.315770545005
522,9.47579663112,0.246492226931
2050,9.26036986819,0.303947831675
2051,9.11713848131,0.267348305308
2052,9.22848465311,0.325962250812
1886,9.4907145712,0.29674951077
2054,9.27916755645,0.293647946411
2055,9.32970431147,0.30242375297
2056,9.33275834734,0.318850050508
28,9.20916151472,0.427999858807
2058,9.29445803925,0.293808879876
2059,8.9472311151,0.399764473553
2060,9.30377832846,0.260815166614
1728,9.15016276718,0.435053663004
2062,9.29306212831,0.377856674551
2063,9.10771958335,0.255430427442
2064,9.27785807025,0.34330011689
2065,9.31713621317,0.288382630428
2066,9.3420687479,0.301405765366
2067,9.26266010312,0.268536007133
2068,9.30888837317,0.290423819608
1655,9.09589920166,0.466436186936
2070,9.42080674249,0.344137719198
2071,9.44589135324,0.293798446435
2072,9.38691886456,0.30789991774
2073,9.54424799069,0.292405961565
1382,8.93800319077,0.362413553159
1383,8.9343743153,0.368519407896
1384,8.96347238657,0.417747326344
2077,9.41268455069,0.310042074495
2078,9.25168378207,0.354570071235
2079,9.49910064554,0.272755577171
2080,9.5265939524,0.319187125773
2081,9.53993401623,0.298718949921
2082,9.53578495865,0.291442030894
2083,9.50978819757,0.244557013476
2084,9.45048065903,0.328402990318
2085,9.4503566194,0.297967635
1252,9.18293127677,0.478018169841
1253,9.2375689129,0.392292851974
1955,9.46077868471,0.32381723138
1070,8.88904775085,0.322061108111
1071,9.04898694293,0.299301342626
1072,9.02761583407,0.371707674718
1073,9.01682136465,0.316248951551
2165,8.81928887139,0.428232874328
898,9.30304545626,0.438394119984
2316,9.0274236467,0.37077211559
2317,9.09387476201,0.418289687166
2155,9.10960513193,0.37448653186
2088,9.31663745895,0.322460818342
2089,9.4861242396,0.307505847521
1887,9.38260261008,0.350432492623
29,9.54348567118,0.300607071172
1729,9.28309064228,0.430633674716
1656,9.03280585923,0.407470402192
1385,9.01549442827,0.381164922082
1254,8.85758297783,0.335916870194
1255,9.03859346969,0.449391303228
1074,9.00332437633,0.360147393022
1036,8.87801158332,0.408544577279
2298,9.1617165169,0.421964206939
899,9.3947770878,0.326304297201
1822,8.75868186013,0.322254484545
523,9.50216193605,0.296570484835
145,8.97209833723,0.394249426951
2090,9.54108394211,0.289242863017
2091,9.48488658943,0.307326593649
2092,9.28758697987,0.354038697201
30,9.48880463661,0.309132400174
1730,9.17042846025,0.43603414521
1657,9.06554442203,0.401810679326
1386,8.99222684398,0.387545032253
2241,9.18310482541,0.356938377634
1256,9.02153602085,0.410204086973
1257,9.0348109466,0.420279622279
1258,8.86572503373,0.350845920619
1259,8.88921445625,0.36257580077
2243,9.16562781631,0.391794199722
1075,8.97501451054,0.373879862629
116,8.67519280656,0.424389003204
2156,8.96207799472,0.388498999762
900,9.24691325974,0.317567877023
704,8.9646687276,0.370328924403
705,9.13603093668,0.426921275086
1857,9.09010360809,0.410974725863
337,8.50308787287,0.315920670729
338,8.57087896308,0.378898796056
524,9.37669583211,0.360057168389
525,9.4943986219,0.354446059543
526,9.17061721084,0.391444656803
527,9.02857569424,0.402895416486
528,9.31936920903,0.473515186354
529,9.34355046624,0.378365611702
530,9.2994912458,0.351799776403
531,9.29640427622,0.414966144366
532,9.29832043971,0.426642127063
533,9.29915769734,0.362137709138
534,9.13121165538,0.317995708151
535,8.97661884149,0.42127999925
536,9.05998585406,0.301584922183
537,9.15171437634,0.43715298367
538,9.24465087896,0.365988933946
539,9.45760224932,0.444939966119
540,9.41600867915,0.412297563731
541,9.52645533854,0.272852055265
542,9.41016115794,0.318241737476
543,9.35329876711,0.38446841846
544,9.62966318736,0.298930088123
32,9.36218431431,0.288096633878
33,9.53428756249,0.273752273488
547,9.36860244581,0.40846418095
1658,9.07663038203,0.406912758253
1764,9.08849401594,0.430062226209
1387,8.82255498157,0.389644990955
1526,9.38446458376,0.445280838548
1389,8.99133464894,0.417254814304
1390,8.98551353284,0.397268031725
752,9.05594446203,0.318423690795
1076,8.96280795692,0.383048489582
901,9.35091256517,0.414638776152
706,9.12359044548,0.396169271333
1043,8.80012309339,0.390671713281
459,9.4900198773,0.302498465953
2319,8.9558496225,0.350011681328
548,9.34599979296,0.306842581941
1698,9.36140022637,0.444935450547
146,9.04760431945,0.423887186194
1889,9.10650260536,0.461586106863
368,8.866809281,0.334173206086
369,8.90040596528,0.330910826818
370,9.07645546305,0.375802288034
1732,9.15671462487,0.440152363255
1361,8.89579293465,0.341655588261
1659,9.14809252572,0.423837206087
1391,9.00016962651,0.389994520318
2292,9.39820840458,0.404732684835
1077,9.07892311728,0.400202849302
902,8.98932165256,0.396861009401
903,9.28259440082,0.341337039793
904,9.35208325527,0.391628633248
905,9.27760661426,0.439044574753
906,9.24834316194,0.374557712378
907,9.3566679167,0.330697184151
707,9.12421366443,0.446516880986
1911,9.32734383272,0.334906988359
2320,9.0136247418,0.36237924134
2321,9.11765121076,0.389154897008
360,8.90495237915,0.39611520944
35,8.84826176878,0.304903430966
1890,9.13826750045,0.429722494178
1733,9.1993845855,0.415138387347
1660,9.1678292916,0.419466845472
1392,9.09449573954,0.400581742135
1393,8.91142108842,0.419372061533
1394,8.90228033318,0.402181760327
1395,9.03545100048,0.427865958717
1396,8.98552112612,0.390563834157
1397,9.05945866736,0.409554432871
1078,9.09623718364,0.39437106799
2045,9.48560391613,0.348399286963
920,9.30046855103,0.318844985313
921,9.355371661,0.292361021465
908,9.53007378249,0.316972759271
1150,8.89324598282,0.314823067148
1365,8.85648081416,0.339648444844
708,9.33067224897,0.331946178412
1722,9.36181512245,0.311688601014
2322,9.08352192102,0.395373067244
2323,9.36597003957,0.32395280397
1056,8.83739688457,0.345421893086
549,9.59144321955,0.275088146271
1891,9.13985865844,0.451853775335
2100,9.22938884458,0.434979650937
2101,9.40352929472,0.27926648339
2102,9.2449402352,0.374100639769
2103,9.53359651474,0.261501916893
1734,9.20419418241,0.415467598062
1735,9.20929813893,0.441569654121
1736,9.39298019786,0.387686027647
1661,9.08419252242,0.407383156321
1662,8.97895645221,0.399985303041
1663,9.31968014724,0.362118655391
1398,8.84111733492,0.384421526951
1665,8.79100208562,0.367092627235
1666,9.17563938717,0.302210683931
1667,8.81586280337,0.369894974855
1668,8.90945061072,0.397808185205
1669,9.05615496076,0.394161263041
1670,8.94021770621,0.389921152759
1671,9.09559634213,0.35716254361
1895,9.41057364109,0.325673432793
1956,9.48594628432,0.349586937867
1079,8.97600835076,0.384280201519
1037,8.90227180941,0.297653458733
1038,8.6810784896,0.38338994131
1039,8.66830486925,0.355536365667
922,9.38559475593,0.320121365987
1041,8.70942259785,0.363079278432
1042,8.63271020355,0.412703574867
909,9.14872736936,0.371207261497
910,9.19212368477,0.420662348189
1893,8.9502034209,0.360684708913
709,9.15886456125,0.405299853072
2324,9.12963121615,0.356719057217
2325,9.0186473495,0.404412049986
1892,9.08175662373,0.422756959279
2104,9.44991643706,0.276507797477
2105,9.1938820647,0.297556591755
2106,9.26880689157,0.292497308661
2107,9.23469942512,0.281819889166
2108,9.44360091761,0.377165386673
2109,9.19697942138,0.27728809292
2110,9.22397898322,0.290688034601
2111,9.42412217545,0.351500976208
2112,9.54640799302,0.282286635549
1737,9.30352938865,0.438456880314
1672,9.14503732593,0.408971680042
1399,8.76157176958,0.347993642701
1400,8.91571394936,0.386431218088
1080,8.99929506493,0.397899850702
1081,9.05362892412,0.403099902678
1082,9.02684135213,0.39201902488
1083,9.17648810738,0.40663638724
923,9.3622339217,0.336935861155
911,9.38145608962,0.390514160588
1833,9.3002437702,0.359491217189
710,9.18970640771,0.408582255305
460,9.43661499205,0.32139427053
461,9.38574675262,0.347094191318
462,9.4241562994,0.341258670869
463,9.51223678121,0.260409997897
550,9.44080009099,0.300811074443
147,8.95033817888,0.346511515807
148,9.03142716118,0.377616376048
149,9.07310755119,0.350938315589
150,9.07417231069,0.366275428777
151,8.87855569949,0.358316148605
371,8.62173959175,0.338726313801
372,8.76623590196,0.352513403462
373,8.5770330981,0.327729479365
374,8.53378749316,0.316940549428
375,8.63827025393,0.364165683202
376,8.72495909501,0.376976230382
1738,9.07410322558,0.417715182913
1739,9.23701301006,0.431630927561
1673,9.11655595723,0.352459422144
1401,8.77417230549,0.314999839337
1402,8.79441398273,0.366213019816
1403,8.89927106601,0.388936755032
1404,8.70360351925,0.324035076436
1405,8.66588612529,0.345280651154
1406,8.668104161,0.330218650417
1407,8.82467444487,0.336979396964
2369,8.90525531705,0.355492986687
1128,9.07814905615,0.405371130938
1084,9.0344774197,0.391254557624
1085,8.86415531901,0.307483087847
1044,9.01817825482,0.397763350894
924,9.20895961449,0.447011627142
912,9.44593271619,0.336753536044
711,9.08887080221,0.399468980102
2346,9.084070822,0.433302160301
2328,9.1854233667,0.448899599223
2114,9.42938284035,0.346364252801
1740,9.28221801165,0.431139242889
1674,9.10567215585,0.417459740789
1408,8.9113379013,0.378641090372
635,9.0697010898,0.344829091289
1129,9.09770839283,0.415575574535
2174,9.28523769063,0.300018326021
1086,9.1216312197,0.425630899148
636,9.21067177797,0.322237757979
1045,9.05783629434,0.369020596727
2206,9.47504168084,0.37954702652
637,9.2665868783,0.319114446085
925,9.40252520303,0.351205160401
913,9.38668373014,0.403615579179
638,8.92898909997,0.381532568313
712,9.21232431979,0.34653056994
1888,9.00657394806,0.395978007434
2347,9.0291317987,0.367809055634
464,9.52941523013,0.346343368351
465,9.27868948087,0.424994095012
466,9.25323030746,0.393604740623
467,9.24379173,0.318163621229
468,9.25404366876,0.397684692825
469,9.32081942362,0.437247057326
470,9.27702899937,0.405379774194
551,9.46764473933,0.247588929828
472,9.31325072649,0.327057545838
473,9.45879162117,0.353397161561
474,9.60662121961,0.33874611028
475,9.38068400432,0.413764577307
476,9.26668795616,0.487886923342
477,9.24389251606,0.4487619302
152,8.90409897756,0.332912016665
2115,9.43115892577,0.324932527827
377,9.02817073103,0.38259882096
1741,9.07635367927,0.420030246126
1742,9.00350590267,0.37089491223
1743,9.2002888076,0.409837548137
1675,9.2518950553,0.412307179429
1409,8.93802885585,0.419400436841
1130,9.00741499339,0.383884927264
1087,9.00399114128,0.376867057988
926,9.36475436573,0.368268145929
92,9.21248764549,0.314142158122
914,9.36718263756,0.432288896672
713,9.3351047225,0.364846122246
2348,9.04488532492,0.368799947872
1877,9.4138177924,0.410647811407
2116,9.57202414558,0.280119596186
1744,9.2692185243,0.424429486086
1676,9.06061329428,0.443902620571
1677,9.06350613362,0.437857352784
1678,8.8704129997,0.351874536669
1410,8.9506904436,0.421871192189
1260,8.95050967704,0.416327351667
1261,9.10697057469,0.361092274329
1262,9.01276347064,0.388171429179
1131,9.07387536497,0.437754060679
1088,9.14479435194,0.407593452644
1089,9.11095231026,0.436213364054
927,9.44711923948,0.319090425856
915,9.30280036159,0.411186567283
714,9.16272777684,0.439345435255
2349,9.11321169222,0.375757973305
1117,8.93993671807,0.411988554826
552,9.53102218058,0.283666836647
553,9.50247846768,0.333101223904
554,9.48510493641,0.345398711095
555,9.37690650227,0.349338593986
556,9.27338974488,0.328473333298
557,9.27754097271,0.335314227518
558,9.34953383077,0.36241593383
153,8.86990580769,0.413174731898
560,9.50627065757,0.282483096556
561,9.52009941577,0.283942676547
2117,9.53417991769,0.303483052245
2355,9.0089613005,0.352359451692
1059,8.94471501104,0.382781908413
941,9.43584432942,0.320013121743
1745,8.97686510497,0.398060207309
1746,9.03129648363,0.36772714791
1747,8.98773915339,0.353909692083
1748,8.91593689907,0.406054592763
1680,9.09732827927,0.455163021463
1411,8.92307087115,0.387413467437
1749,8.90253589458,0.398388654701
1750,9.06795881071,0.365069408173
1751,9.34632422011,0.396909725963
1752,9.05454873585,0.362714608418
1753,9.10048809579,0.331599881567
1263,8.86101452211,0.333425648359
1755,9.16771236176,0.388384847518
1756,9.01702153327,0.335513670338
1757,9.05313126769,0.336483426927
1758,9.04503385283,0.355326345959
1957,9.52625148051,0.299069427007
1132,8.85920224542,0.366624327554
1090,9.01373197433,0.403666919298
1495,8.66453865311,0.433618883749
1048,8.88258459705,0.4063093223
928,9.32200748864,0.464611453988
916,9.33773203037,0.39758785456
715,9.22946311454,0.399917420878
716,9.28794235298,0.314443307201
2350,9.01186590289,0.39376799769
2118,9.27578785306,0.32964835818
2119,9.29803409759,0.342626741269
2120,9.35207388972,0.335267915114
2121,9.28046460155,0.303859551979
2122,9.39594584099,0.317455535885
2123,9.41306424707,0.351751423924
2124,9.52052395663,0.262916492992
2125,9.46793611834,0.304149823888
2126,9.46760213302,0.315248025742
2127,9.32578853525,0.292157631209
2128,9.37269212938,0.319733422804
2129,9.46030568449,0.323980514486
2130,9.39929247733,0.325329109608
2131,9.60924434982,0.25514165777
2132,9.5768382073,0.310273246023
2133,9.53220199734,0.28071383191
1681,9.25644699571,0.445960715111
1507,8.63975598279,0.404325392755
1412,8.97709054948,0.378569425581
1508,8.55562248629,0.355692019352
1264,9.09126428684,0.420969559162
2170,9.15119493091,0.356000100743
1834,9.17504569056,0.410647859317
1133,9.09093814381,0.388779329083
1091,9.05754066882,0.392991979404
1835,9.23237003124,0.405678693143
2356,9.03295981323,0.335793028949
1049,8.77776761842,0.373176021181
1836,9.11229546922,0.402488365814
929,9.36505126828,0.320447312104
917,9.27741175634,0.398302984288
1837,9.28486656795,0.411192523459
717,9.31805551136,0.321540160907
718,9.23253337703,0.417145819041
478,9.42385374595,0.275780314711
1961,9.38306931981,0.345870776575
378,9.15469994482,0.3771385702
562,9.45697177463,0.305847775797
563,9.55961645032,0.329082021768
380,8.86627838573,0.365868164172
2134,9.42162775309,0.349380496904
1524,9.27977855001,0.403000211674
1413,9.0156919096,0.405107830523
1414,8.98990370545,0.377250145654
1265,9.1693445016,0.333815987534
1266,9.32244995592,0.297185522642
1267,9.18845152055,0.312215273987
1268,9.2315475192,0.310889956501
1269,9.14107464634,0.315859817799
1270,9.20409046002,0.30671907333
1271,9.16919937397,0.289369350961
1272,9.12425177153,0.289696066517
1273,9.13454851928,0.249559746337
1274,9.09033539116,0.303163900484
1275,9.23747135141,0.322481829922
1134,9.05319535072,0.442387190293
1277,9.23507897332,0.292056416427
1092,9.2252694876,0.337293305934
2020,9.33824765614,0.34554971637
930,9.21135574504,0.479680960249
918,9.31110837287,0.437111242446
719,9.0197963322,0.380287476353
2326,9.1272492136,0.370521726224
381,8.97330220743,0.345812247188
343,9.01065743236,0.409894643715
2135,9.47976791916,0.30804711976
1371,8.8873336201,0.322922048802
1525,9.44003682387,0.40478822895
1415,8.97296783226,0.406185379397
1135,9.07258925672,0.418134601215
1093,8.94452471246,0.355131061837
1050,8.96561553471,0.417790407239
931,9.43071413338,0.339313699102
919,9.29623894629,0.43754492629
2327,8.95653282757,0.41359193221
479,9.43207675009,0.302265504722
382,9.0211519096,0.377369029497
564,9.41133782731,0.349160103695
565,9.33758122203,0.346480103652
566,9.22007263962,0.350619480528
567,9.29676561775,0.341131534517
568,9.37289203991,0.34932812589
569,9.36002841961,0.319356663099
570,9.21196044281,0.319252161541
571,9.39476847507,0.347721079076
572,9.38619626716,0.393968011426
573,9.55788391397,0.295000353038
574,9.47422793621,0.334072002919
157,8.96176605964,0.343096792407
158,8.72454214569,0.398042221356
159,8.9049236213,0.304829064029
160,8.89276904796,0.272708419584
161,8.84069040184,0.326499058758
162,8.92231839668,0.344938780805
163,8.5896712045,0.318644961925
164,8.70293548636,0.339157669845
165,8.6759616113,0.321522167477
166,8.8153328691,0.332357997726
167,8.82686889941,0.335231639564
168,8.68832432862,0.350622193437
169,8.87701038406,0.303030359672
170,8.56365885419,0.348463999001
171,8.6706849823,0.381877024216
172,8.54664170679,0.437889924769
173,8.64664085129,0.315746367876
174,8.62987454922,0.305244683315
175,8.4181808838,0.34145898546
176,8.69044286494,0.367940621457
177,8.85574829977,0.399506896881
178,8.53802881711,0.353601336049
179,8.86964133085,0.383989628723
180,8.89103586843,0.410959647414
181,8.40935870978,0.358252585015
182,8.39649048686,0.350987086106
183,8.39261061249,0.358057878691
184,8.39889922886,0.3932323852
185,8.28733574855,0.313106635098
186,8.23475559786,0.288849573033
187,8.44274624583,0.338139334483
188,8.63655307442,0.349583777232
189,8.49264016006,0.349612602269
190,8.68017231499,0.325515957447
191,8.62186944305,0.330268182433
192,8.65191776991,0.358594037574
193,8.6692565062,0.365154008507
194,8.40246576261,0.332343265056
195,8.5744698008,0.311051187945
196,8.42476974765,0.312689313041
197,8.43410917848,0.302933859209
198,8.52274666833,0.329812674289
199,8.34199005301,0.350455290873
200,8.35193367947,0.374626242569
201,8.77120922447,0.385864793464
202,8.44970311537,0.318947916996
203,8.47122344227,0.364879156798
204,8.4630811275,0.345969896067
205,8.63633172714,0.349890934755
206,8.72147362677,0.358683956225
207,8.72858028019,0.374547644068
208,8.50165929552,0.276802656327
209,8.50375739212,0.312052001225
210,8.71437114473,0.32508896903
211,8.46438778954,0.306355331439
212,8.35227252235,0.335391696801
932,9.41024778168,0.318887042442
214,8.58298599074,0.30925119129
215,8.81419391913,0.313501624841
216,8.68316147683,0.415022967526
217,8.88150471462,0.290743025859
218,8.92335135765,0.400230107415
219,8.35941551187,0.36942364095
220,8.43439107066,0.343943263444
221,8.92083040218,0.422214375432
222,8.39301150429,0.318894930958
720,9.18073222823,0.396741590682
608,9.52107557183,0.298992508798
1878,9.53816888571,0.280362730907
383,8.89751658564,0.363949177135
1879,9.45220266225,0.279435825846
2137,9.31904853929,0.329665354841
2138,9.45831285216,0.309094205742
24,9.04086580902,0.389243741977
1759,8.94806360508,0.318496359144
1760,8.9648774344,0.379102968726
2160,9.08895389667,0.392041238179
1527,9.35642953005,0.424391013968
1418,8.85763847468,0.359959189621
1137,9.04395838316,0.336425939336
1095,9.13388434844,0.403291190129
1096,9.06137422642,0.368593699007
1097,9.05114188041,0.418770240355
934,9.41637939806,0.313155320469
721,9.05831189063,0.359462689341
609,9.56470199755,0.287342573078
480,9.5995476081,0.285361446904
575,9.46972089123,0.283093550578
576,9.45248047264,0.29270090468
577,9.42227548988,0.29266485097
578,9.49781607721,0.287845620823
471,9.28618552297,0.354732237584
223,9.15540075873,0.346657066755
2139,9.42451797134,0.340704847767
1761,8.99181163282,0.438408664571
2190,9.37766072924,0.419611989596
1528,9.4480931881,0.367764094666
1686,9.30391692996,0.414185992312
1687,9.3650985336,0.407968450342
1419,8.92105089682,0.410008807574
1420,9.01606313064,0.386176936014
1421,8.94878661053,0.406790076458
1138,9.09164524598,0.323989922693
1139,8.87864887718,0.306676030417
1140,8.99168841076,0.311006779267
1098,8.98524939555,0.33295199655
1513,8.89448371971,0.396586745457
1054,8.68777636602,0.377217886458
935,9.43638508128,0.306839177466
722,9.14468053833,0.422308949411
610,9.52456968997,0.311495309614
384,8.89675405761,0.331354670576
1939,9.37099624096,0.363527101622
2140,9.42333507805,0.300851842163
1940,9.5723692783,0.30387640659
2357,9.02823128611,0.347622503497
2159,9.01599279591,0.404453552985
1941,9.40998074913,0.289484740815
1762,8.94897206698,0.425113599214
2358,9.02157717061,0.371706734329
1942,9.41748129738,0.295414958694
1529,9.3979573586,0.342270315493
1688,9.43173250236,0.418129571429
1689,9.35463150109,0.37109051094
1690,9.33069035161,0.443712326857
1422,8.92483380541,0.392390086371
2191,9.40208980519,0.374020092463
1141,9.12132501395,0.390478028996
1142,9.22718891505,0.368818718565
1099,9.03851516687,0.373802857823
1100,9.04815151337,0.361248559721
1101,9.01089659892,0.397002254102
1102,8.8721144735,0.3324499455
1103,8.92808564521,0.396715268988
1104,9.00335431209,0.39642061004
1105,8.80486630905,0.380103855731
1106,8.83716547919,0.308673778292
937,9.37198743936,0.303578373074
938,9.47368395408,0.305924608507
1841,9.21304107578,0.415197159233
792,9.15381979266,0.363267196597
793,9.14735575857,0.396457364483
794,9.22171190472,0.405087998098
795,9.20075423623,0.391837965254
611,9.36322951077,0.323347925148
612,9.49662739887,0.314844996639
481,9.34247804687,0.309327921854
482,9.30705071257,0.312019486576
483,9.52732499344,0.282721455739
385,8.91285621279,0.340328185364
579,9.40767929481,0.356759457528
580,9.36032627059,0.340597780409
581,9.39115283273,0.320705380826
582,9.29692586692,0.297416473827
583,9.39595966781,0.401009788997
584,9.34250512723,0.313591780801
585,9.30071773639,0.349199713051
586,9.3742542952,0.338637222418
224,8.90877021843,0.443856931127
225,8.82683035196,0.434302404964
2141,9.45501446184,0.312215342074
2142,9.30822597061,0.314947954734
2143,9.38508243952,0.329247366383
1763,9.04247887842,0.421516302944
1530,9.49084907737,0.313385140745
1691,9.4069142534,0.413649796038
1692,9.28234199222,0.411709995671
1693,8.86451015283,0.376678802919
1694,8.95611744389,0.4223340106
1423,8.91887502033,0.398582361797
1424,8.9088120497,0.406278487178
1697,9.33266703261,0.396404300225
1962,9.49468021407,0.316767976494
1143,9.14939622025,0.438933039325
1144,9.05880991181,0.445773743555
1145,9.0386430238,0.440235126095
1146,8.97345945432,0.370326613773
1107,8.98553392216,0.327581064974
1108,8.94502104308,0.36439817562
1109,8.87647701015,0.343852556665
1110,8.84869728634,0.355963754327
1111,8.86786966594,0.306712927391
1112,8.87801175823,0.320993024799
939,9.47638635805,0.314295016918
796,9.20454974924,0.394143784285
723,9.27821868732,0.350518430441
613,9.54949641555,0.300986432741
386,9.20854280812,0.295838203789
387,9.09487617282,0.373253909661
388,9.02703886285,0.362384668404
389,8.98100049041,0.412529068012
390,9.07853253182,0.431252296178
391,8.91750933562,0.41970020262
392,9.13759282782,0.420551271923
393,9.03995539727,0.378442961802
394,9.20489974941,0.379297432767
395,9.09254534847,0.387707944272
396,9.08850432606,0.413913012728
397,9.04606451307,0.39731714328
398,9.11090739614,0.414659996192
399,8.89577817074,0.396675507652
400,9.02043088881,0.400341192904
401,8.99351040104,0.41259729173
402,9.11696348552,0.388782620076
403,9.14757432819,0.412889512534
404,8.96415122845,0.40423540764
405,9.22673081352,0.432317321781
406,9.11612979483,0.431691852223
407,9.24568545876,0.390196495059
408,9.19949626104,0.40365486583
409,9.13498472456,0.38938814975
410,9.11482992234,0.363595932539
2171,9.10072226653,0.455791157575
1531,9.46559169543,0.313705341552
2172,8.99702764903,0.428257089449
1425,8.837736793,0.39734569902
2173,9.19398224344,0.384813588954
1147,9.11567010404,0.364308463239
1148,8.98223388221,0.328174325131
1149,8.94993844798,0.346355696153
1113,8.93252259838,0.33265294305
1151,8.85566408056,0.3332260515
1152,8.82048555209,0.339811234427
1153,8.9061312188,0.33855490202
1154,8.88342515373,0.391692298585
1155,8.95667770723,0.366998291712
1156,8.87112763277,0.331122501393
940,9.50122816058,0.30498147214
797,9.13957272501,0.390494599029
724,8.99390252786,0.35910259442
614,9.44514846341,0.384991233309
484,9.4565473448,0.272250018354
411,8.85534778545,0.327737937962
587,9.44127778659,0.315832786002
588,9.48832329676,0.309179824686
589,9.57772685963,0.294469830346
590,9.43098885962,0.278868757913
2195,9.34905964827,0.41561673916
1896,9.4690164164,0.286543214984
2147,9.33996454719,0.326404142033
2148,9.29199249921,0.361586078887
2149,9.40443598195,0.30291652718
2150,9.38329804371,0.342027683137
2151,9.43903325731,0.314330482824
2152,9.41149673863,0.441896274986
2153,9.32922483142,0.295542415885
1765,9.2927422825,0.422530984685
1364,9.06345571688,0.46048284584
1532,9.26289720103,0.435987684528
2198,9.4110441681,0.403498244182
1426,8.80334986517,0.363660896308
2199,9.28242659578,0.436892700716
1157,9.25956208791,0.340327284072
1158,9.07939892534,0.332700639367
1159,8.92996276013,0.350996767284
1114,9.17073701809,0.407520665664
1115,9.06439176125,0.342347251837
1116,9.1480250519,0.41666393896
954,8.85664443942,0.350892215774
1118,9.09856938196,0.386565009312
1119,9.11053109833,0.436177467146
1120,9.0394880595,0.372962918967
1121,9.06635950437,0.372976330926
1122,9.12975817862,0.396992306664
1123,9.17237665672,0.360589445979
1124,9.04020755173,0.385677769679
1125,9.00658164829,0.406303803355
1126,9.18552017184,0.419461743521
798,8.91287972006,0.348633149816
799,9.02819570069,0.363977506061
725,9.17663840695,0.409905326036
615,9.55673418013,0.295161130699
1057,8.91158565372,0.383316200846
412,9.034150292,0.378060091651
413,8.90273984045,0.317578059621
1897,9.40404200306,0.375587366445
2154,9.38493368041,0.318099122993
1883,9.45604878087,0.305051367555
1766,8.8484430769,0.38395793918
1767,9.04558062127,0.430287415693
1058,9.01400048048,0.360656779573
2203,9.4269817618,0.357195140939
1533,9.39101630374,0.327672859627
1427,8.84208594325,0.423829290051
1428,8.95259809272,0.394711609694
1794,9.08555937123,0.438093188921
1160,9.03778094249,0.325365581377
2189,9.50617688994,0.395822306627
1127,8.97194891844,0.354244041935
2204,9.36585892581,0.419293813354
955,8.84967085553,0.380547477659
942,9.50200479701,0.310974567784
800,9.09266400613,0.400381124517
726,9.08973212287,0.409639738305
616,9.53592741351,0.275696220568
2205,9.52411188097,0.361399485231
2192,9.09761658207,0.37796662607
2193,9.1564674612,0.420408086579
2235,9.22146393445,0.428190660966
591,9.46326090525,0.288808096962
1898,9.46721951434,0.302358889946
1482,8.85954552006,0.447639921374
1768,8.90481087251,0.444015822264
1769,8.9113348624,0.481341381117
1770,9.08130816558,0.473114353383
2194,9.39158504776,0.337090278984
1534,9.5458225983,0.30243158043
2196,9.38740291455,0.395200673578
2197,9.27422066452,0.432250916761
1429,9.03307011155,0.404627961745
1430,8.97776232324,0.406619869362
2200,9.52372719409,0.389039290745
2201,9.36108664666,0.408109343688
2202,9.3655863913,0.385684161453
1960,9.39654129374,0.303644871845
1161,9.03620083184,0.406720676922
2228,9.13567691091,0.401528213762
2229,9.32727607047,0.343385634624
2230,9.28885026476,0.442779239692
2231,9.36741240256,0.397065444913
2232,9.17165110817,0.435648628401
2233,9.28581500504,0.430107525908
2234,9.20000492472,0.53328110638
956,8.86988010511,0.385889039197
2236,9.08774832686,0.449200668324
943,9.41341910714,0.324572336131
2207,9.39676199724,0.374218472404
801,9.12864408685,0.425179689597
727,9.2416732833,0.321686199541
2208,9.44276140605,0.34709618062
1684,9.23175558397,0.439701070833
617,9.47344086525,0.316600305272
2209,9.45377922798,0.34835734772
1943,9.06456820835,0.398719799418
2210,9.29553321374,0.319714106714
2211,9.23623384667,0.336250471007
1855,8.81655993414,0.39265278938
1899,9.36702124025,0.401387450694
2212,9.39312471321,0.313902207786
2213,9.49527435287,0.31074097581
2214,9.47781763719,0.305823688657
1771,9.0906613688,0.459301747624
2215,9.26589387666,0.340347208118
2362,9.07831274872,0.343336420454
1535,9.27201500077,0.297164450672
1536,9.29360495118,0.297057072496
1537,9.46845204128,0.304990983798
1538,9.45308622255,0.256588144715
1539,9.54412594815,0.265144561169
1540,9.43025517855,0.305782246805
1541,9.22197236096,0.379438555279
1542,9.50724712697,0.296089244467
1171,9.3995858987,0.276699620702
2217,9.43489039917,0.311389525929
1842,8.90767679977,0.395809177461
1162,9.16479001997,0.375118153177
1843,9.17916954928,0.446014611103
2218,9.52497855128,0.356239571902
957,8.88499227402,0.3246058786
1844,9.0860602995,0.427101923163
944,9.42263627256,0.292324033793
2219,9.31644287316,0.461265575303
1611,8.95350525807,0.348666377024
802,9.02013344604,0.364871312318
728,9.15655233999,0.305079155765
2221,9.24240989845,0.36515831746
618,9.20794454232,0.387870645402
619,9.48151112832,0.314733040049
620,9.23372488669,0.298130723794
485,9.42575187648,0.274562757361
622,9.33772668983,0.39312932624
623,9.21695579649,0.334109892514
624,9.12742590947,0.340658777461
625,9.14947777941,0.336987869113
592,9.53957210831,0.323690831393
2225,9.07256833081,0.329352890336
1900,9.36401491241,0.369118378774
226,9.24346272315,0.386613532581
227,9.15201238299,0.379546797419
1772,9.11240667955,0.483060891443
1679,9.11042133843,0.415807451665
1543,9.23377657722,0.328312400937
1544,9.26402694515,0.361334656338
1434,9.12055403871,0.41546330185
1435,9.07003454609,0.458410310905
1436,9.09481103111,0.425450089696
1172,9.38709668819,0.346370888986
1163,9.0458417165,0.401289839275
958,8.85972650532,0.371217516598
945,9.48610030038,0.328282321486
946,9.54602132968,0.287642099576
803,9.09718622762,0.407099083006
729,9.10680118613,0.406182020169
626,9.49957737338,0.315109959222
1901,9.24483480779,0.414952249375
1773,9.25109506226,0.439009711852
1545,9.22514026668,0.391312193562
1437,9.11958919116,0.402494515193
1438,8.98744311476,0.444273814576
1439,9.16226807153,0.440389044355
1440,9.03507229966,0.47532195092
1441,8.98522707267,0.468630844702
1442,8.81153244225,0.488083369838
1443,8.82339806476,0.49559347217
1173,9.34784596817,0.336421997229
1164,9.05930436224,0.417590672865
1363,8.85678280057,0.349086474366
959,8.84638729239,0.34838018097
947,9.32376996558,0.338334720961
948,9.33366345726,0.3498522531
949,9.35454505435,0.324757501725
804,9.15157090358,0.430694086242
730,8.91816893889,0.34810194601
627,9.51804110439,0.402372733175
593,9.34831464688,0.319673230626
594,9.49551669741,0.270099343922
39,9.53992418292,0.271703092797
40,9.25523573219,0.395680804118
41,9.45276255199,0.321034464917
42,9.29495833283,0.339089665096
43,9.36254322489,0.314390768916
44,9.55204256998,0.275101379244
45,9.43161428534,0.30501300498
46,9.47998185279,0.315635518734
47,9.46577870049,0.30496042011
48,9.33774947548,0.291177574258
49,9.35340102928,0.354467116826
50,9.4727968805,0.330590575816
51,9.49745129366,0.302434883253
52,9.46392803683,0.307793525143
53,9.36893185403,0.298113570724
54,9.35559344716,0.303351091337
55,9.25824877471,0.313594043604
56,9.27062400936,0.304842208666
57,9.16717353816,0.291939907366
58,9.35358321057,0.385406703886
59,9.492863836,0.299806264625
60,9.44949876635,0.281052836969
61,9.27046011675,0.299181832753
62,9.42497402232,0.236317453147
63,9.31890190048,0.31440325148
64,9.3541293053,0.287255723107
65,9.53520314555,0.32593477022
66,9.45430588137,0.304080984756
67,9.48810739137,0.290180341639
68,9.1588212954,0.384337501894
69,9.2690646143,0.301992421025
70,9.49714553573,0.267304912818
71,9.47484176677,0.314090300796
72,9.45112637414,0.29764620728
73,9.417634089,0.450197791774
1450,9.06504419346,0.432927809457
1451,9.00690363176,0.395952050472
1452,9.04286466963,0.365303395097
1453,8.94624053567,0.353964742817
1433,9.04590723379,0.386690413145
1455,8.84113172804,0.436429010071
1174,9.37286223228,0.335611649579
1165,8.96636368668,0.362934254368
960,8.8780030493,0.390878565959
950,9.41276122617,0.30808654519
951,9.22749903664,0.301210132363
952,9.24170732862,0.334038096483
1916,9.32109702221,0.348931000983
805,8.93398910338,0.370661838874
806,8.9621057394,0.386851740635
807,9.19122197991,0.378225330674
731,8.91908207491,0.356101925545
628,9.51420532376,0.324155663332
1884,9.44613872739,0.325631540419
1903,9.3756517041,0.387108804403
74,9.00398159086,0.364795209165
75,9.31637072775,0.304933763178
76,9.36400837302,0.310367165409
77,9.30992941496,0.297728485906
78,9.26309256783,0.285526753118
79,9.16498650587,0.287161968053
80,9.15271788254,0.301427917054
81,9.19665204967,0.366159009905
82,9.1602858873,0.2738835418
1775,8.92870568945,0.39468573042
1547,9.3473561744,0.322965018985
1456,9.07009668485,0.404525656694
1457,9.06050285573,0.413107153153
1458,9.07258771412,0.404242045073
1279,8.92617324515,0.31989594257
1460,9.00232540811,0.366168621725
1461,9.00325289913,0.404294489491
1462,8.9749687197,0.436586038669
1463,9.0262193893,0.413519590019
1464,9.04961294899,0.393065718293
1465,9.01258316213,0.385333070866
1466,8.99370707805,0.469308121544
1467,8.95349858451,0.419920749648
1468,8.96137605349,0.376615862055
1175,9.37889985723,0.324362171425
1166,8.98231557973,0.332325334534
660,9.53258847755,0.318313445575
961,8.92392749898,0.397180590225
953,9.46195186006,0.283128610048
808,9.07002864743,0.422393429567
732,8.84968254502,0.350497306334
629,9.33823190045,0.334706979883
486,9.56422498607,0.274389125487
487,9.48401031074,0.312177160028
488,9.42386810866,0.339928116096
489,9.49656992506,0.311969082974
490,9.34263773529,0.326088279321
491,9.50003852867,0.309850450318
492,9.45838131793,0.316698481723
595,9.57616532898,0.277224950434
83,8.97763194003,0.376405108998
2186,9.16130677122,0.495462734233
2187,9.1758083426,0.420924266984
2188,9.48354261457,0.440779130191
1776,8.95348909083,0.42885578309
1548,8.99158498961,0.389160289718
1549,9.23530388301,0.315610212111
1550,9.37898050071,0.371516708344
1551,9.13764008137,0.4129563631
1280,8.87322714618,0.380356939503
2220,9.16253902452,0.454771392825
1176,9.35354016484,0.329910611088
559,9.40192326215,0.3334859227
1167,9.07215511725,0.374581309206
962,8.92454993984,0.363778918816
809,9.03963437413,0.371961017626
733,8.96846598079,0.371104331855
630,9.54058194578,0.299718007987
420,8.94859449842,0.446847484177
421,9.08361282257,0.418723065608
422,8.86667118464,0.436384751606
423,8.96313243049,0.498913728913
424,8.62557269236,0.379134141016
425,8.92833008929,0.429983891289
84,8.8876655375,0.364184461075
1777,9.05371019249,0.449042735993
1778,8.93029786686,0.431088760481
1602,9.13910059107,0.408030318064
1552,9.19594095589,0.435448223655
1553,9.3147176607,0.341089014557
1554,9.41293305174,0.417603476477
1281,8.88632153062,0.378489691772
1177,9.28523049826,0.341778639328
1168,9.00284278187,0.339039812325
963,8.75234251967,0.413066630578
621,9.40795499501,0.30955053936
2223,9.233060455,0.443866192825
810,9.00370134337,0.376878635968
2224,9.26024365464,0.427847220003
734,8.90514520247,0.347153177462
735,9.00867213458,0.364848820562
736,8.91835532429,0.334833264153
737,9.12732675854,0.350445127458
493,9.51538718518,0.295306331066
494,9.43669784756,0.295492842157
596,9.33940628282,0.33367877369
597,9.40251511435,0.325120121
598,9.42607231358,0.263913538327
85,9.00269540282,0.358164181786
228,8.8715487576,0.418680424071
229,8.9566908782,0.434156939228
230,9.02222910397,0.461748676237
1779,8.97427866451,0.410003822373
1603,9.13205216954,0.471824409078
1555,9.47954203755,0.378544001921
1282,8.8734939485,0.36569238644
1178,9.2171062562,0.330670503691
1169,8.96744127768,0.339443717826
1754,9.02213099013,0.320163743872
811,9.08589622534,0.442507389732
2242,9.12300340076,0.392929604168
738,8.91586848495,0.341091193847
739,9.00283348318,0.336798121596
740,9.08099018119,0.350074947868
741,9.07337761497,0.359331721289
742,9.11887381228,0.362313300854
426,8.93713560411,0.374326752842
427,8.98362036075,0.379369858067
428,8.57170102034,0.38831810012
429,8.96292249046,0.396008015742
430,8.93985292211,0.455498916012
431,8.73358628238,0.37603939743
432,8.89916672051,0.386834325216
2216,9.29880948719,0.324305006753
86,9.31219429554,0.303065817763
2329,9.18475403196,0.41090115695
1780,8.75189111088,0.363848958772
1781,8.79331669058,0.344636840467
1604,9.1472158006,0.38215974702
1556,9.36984196275,0.404499739961
1469,8.59538428072,0.338038384201
1470,8.91210824171,0.491889311726
1471,8.9006148831,0.425940519594
1283,8.95804479764,0.354096539569
1473,8.71916850596,0.417102303507
1474,8.59359517037,0.433883194703
1475,8.5095516419,0.436696613966
1476,8.60895881285,0.45796277396
1477,8.76198819938,0.404672789745
1478,8.79532312993,0.47818001831
1179,9.40634860379,0.294100560666
1170,9.11297427873,0.400721076379
812,9.15424437874,0.465480688895
743,9.01559143167,0.370866721403
744,8.96706682255,0.393645383954
745,8.97367902982,0.382006171392
746,8.95031230963,0.379191905688
747,8.94004440638,0.313394909757
748,8.98069187318,0.328570496438
749,8.91689086059,0.401118386295
495,9.52434557244,0.282218605332
599,9.4288764546,0.358950696296
600,9.51155499022,0.302624806473
601,9.38583675336,0.334164005033
602,9.60158161905,0.289634063436
87,9.30941923092,0.308447572746
1040,8.76209097109,0.411678799255
1782,8.87298615132,0.375467099883
1783,8.91396618591,0.344212794438
1784,8.83481154967,0.34310533017
1785,8.7805324514,0.335152834547
1786,8.7924848085,0.333866187522
1787,8.82411855604,0.346485526169
1788,8.92088508665,0.362239669115
1605,9.04334426708,0.408249464697
1366,9.23104189561,0.307693715455
1557,9.3541673902,0.417686883134
1479,8.64591208617,0.455772921331
1480,8.75896258556,0.474141188757
1481,8.78434143038,0.439405166132
1284,8.98521202573,0.382602133149
1483,8.73733077083,0.399510203502
1484,8.74241703389,0.398962900135
1485,8.68193684686,0.375330471464
1486,8.67638145825,0.356114913207
1487,8.64632774194,0.420996636266
1488,8.70579871314,0.390323086632
2351,9.04718083788,0.326845083394
2352,9.04972866609,0.322580077901
1180,9.35186568997,0.291518176142
813,9.31009229552,0.378811196548
750,8.97989333747,0.32658142968
751,8.89703314522,0.342026918826
634,9.42050043972,0.350503293571
753,8.98174928927,0.346619081148
754,9.04225440901,0.362309925724
2049,9.48646843825,0.310524916429
433,8.96614023422,0.395905103802
88,9.26497695713,0.326478258728
1909,9.30966606119,0.464091976708
1910,9.40285100357,0.371835954999
89,9.43439942451,0.284965868803
1912,9.43763685426,0.342231016593
90,9.41137977991,0.26637468303
91,9.32535501804,0.332842262895
1789,9.01029648078,0.4386543146
1606,9.053214494,0.391592858783
1558,9.13852668126,0.432558558522
1559,9.2878972516,0.415449863004
1489,8.87004490734,0.320715525542
1490,8.77991760224,0.339939121742
1491,8.74044542435,0.38206967679
1285,8.74849233879,0.38049384214
2353,8.97690776753,0.332712078929
2354,8.98205956011,0.367146951182
1181,9.2847585444,0.313116132204
814,9.10167377279,0.458811749729
755,8.89417634903,0.370809385128
756,8.85660273005,0.345990156093
757,8.82653093947,0.385524360154
758,8.9483036542,0.338373750331
759,9.00197269728,0.359394213247
760,8.90310138825,0.347223153718
761,8.88658430796,0.326787387259
762,8.90063905665,0.313252129123
763,8.92257420695,0.339470275992
764,8.87928525446,0.372943154143
765,9.29663671655,0.415917745312
766,8.89534273284,0.301920655479
767,8.90448492411,0.375207920849
768,8.82828471513,0.331001971741
769,8.89312276125,0.314446406612
770,8.87548347561,0.382124747266
771,8.87697514575,0.316081560944
2271,8.93956115747,0.343440297217
232,9.01472427907,0.324138613144
1790,8.91309318405,0.352639183772
1791,8.95764939636,0.403525270231
1792,9.11536612432,0.446048730782
1913,9.34894991843,0.406440916139
1560,9.30060322551,0.413846949494
1492,8.52839732601,0.34560736754
1493,8.62611410326,0.424092387776
1494,8.61416362235,0.413161332758
1286,8.81288716684,0.36846181452
1496,8.62341948985,0.440712327469
1497,8.58509128055,0.405022460406
1498,8.71794374155,0.441422532046
1499,8.71770848302,0.425783823151
1500,8.7819500492,0.358139775871
1501,8.59972162552,0.376929349461
1502,8.48908996869,0.404571130656
1503,8.57779195163,0.386543047009
1504,8.55044358241,0.414339461237
1505,8.65795261292,0.420827758888
1506,8.5365266464,0.428505014887
1182,9.38986913132,0.340385937731
417,9.00481667413,0.34945172157
1509,8.66935397143,0.464485055814
2343,9.21584332934,0.385468516175
842,9.13739001524,0.446392388433
815,9.18953123512,0.426907259943
816,9.224501658,0.395555745
817,9.21690677984,0.398793217222
772,8.62619960742,0.330331751317
773,8.67994142979,0.383762015671
774,8.67231211978,0.394731686463
775,8.7196883143,0.38031524773
639,9.22529602568,0.429538613982
434,8.96190553065,0.422850070303
776,8.8046923328,0.359963716007
777,8.79235590857,0.366870372471
778,8.65837963352,0.356668022362
779,8.94883078214,0.267487511949
780,8.61585060744,0.35970500134
781,8.81215947351,0.334125167903
782,8.69986698049,0.361857846744
783,8.89300366262,0.340483347708
784,8.72246173151,0.335204076137
785,8.74785458445,0.371583707655
786,8.94134712096,0.357378081486
787,8.80335941751,0.378323479842
788,8.81662503149,0.349991267258
1793,9.02603653898,0.423210871536
1561,9.23413710694,0.388610382655
1510,8.70919499607,0.4452209681
1511,8.56470271267,0.417306466638
1512,8.81658316494,0.388351128664
1287,8.93892242578,0.369333284514
1514,8.86591611764,0.358078037114
1515,8.81808425689,0.432642688012
1516,8.64308846034,0.415921479566
1517,8.54572219286,0.409600237286
1518,8.57476336731,0.389218322265
1519,8.57984331744,0.32756711712
1520,8.68607425997,0.398204898245
1521,8.74687223364,0.377436027345
1522,8.78990859975,0.355634927044
1523,8.74006801185,0.413293567766
2359,8.70208322125,0.478509926924
1183,9.40869462819,0.318455900141
2344,9.25311421128,0.400472789978
843,9.11719835669,0.439028017169
818,9.03919511204,0.394923811954
789,9.05327310065,0.350089709839
790,8.9966228229,0.328570880895
640,9.4267759879,0.398322367115
603,9.43385791105,0.479909569134
1944,9.27461630893,0.321432995464
1431,9.05613702339,0.434851982464
1915,9.34325134397,0.417127402875
233,8.94872958247,0.367173982259
234,8.86067435052,0.341824454106
235,8.61733863939,0.359551770317
236,8.70074584647,0.343013590621
237,8.85122293223,0.338924521583
238,8.81436594605,0.355885084138
239,8.86080097378,0.358365162486
240,8.62189507046,0.330608572332
241,8.60340401541,0.317853013913
242,8.92865524254,0.429364101756
243,8.80879945439,0.367374687165
244,8.57923441177,0.301586121473
245,8.54171726917,0.296127769197
246,8.5536130887,0.333810141042
247,8.8834642555,0.429011342129
248,8.82294770842,0.237271152645
249,8.61773603949,0.334080291181
250,8.5175013011,0.339199706043
1562,9.22382355198,0.455706554677
1432,8.95386503652,0.424079020171
2253,9.129097003,0.430822865824
2279,9.14443680706,0.369784901759
2254,9.22768904615,0.419305371281
2361,9.0204376935,0.367946580416
2018,9.36138663227,0.362458495376
1184,9.37206353538,0.363634043854
2345,9.12763213709,0.432310278999
2256,9.40790141466,0.410541348572
819,8.989231441,0.412970225583
791,9.04426175789,0.337720935639
641,9.16280323869,0.446585157448
435,9.01971490682,0.420743935684
436,8.77876506256,0.395249090317
437,8.83453356082,0.432578868116
438,8.79215582634,0.403828918181
439,8.80250410027,0.38865491769
440,8.57847633456,0.363029911848
441,8.90797524367,0.418351525348
1945,9.14065656581,0.396415387405
1861,9.32103624569,0.338747662222
1917,9.39174265729,0.302255863718
1918,9.33805879039,0.417229600181
1795,9.24094459867,0.458917250033
1796,9.0537538911,0.482823560307
1563,9.37186105771,0.425214163953
2363,9.06651737412,0.318545876341
2364,9.07804140884,0.326856792981
1185,9.39831306667,0.339492425203
964,9.1816171632,0.435862881594
844,8.98841734252,0.352256493381
820,9.23134882268,0.449973901254
642,9.4899105186,0.299002157768
1946,9.26831742513,0.318236121953
1919,9.3449593418,0.435033933112
251,9.01872054892,0.329336426597
252,9.13940747726,0.367840898957
253,9.05483726409,0.369827340064
1797,9.01297746145,0.462560410297
1798,9.13687915195,0.466340036258
1564,9.40552652711,0.399802981234
2365,9.00432529552,0.353745713663
1186,9.33164972386,0.360388851848
965,9.33039468177,0.441412713734
845,9.21456746,0.422926118568
821,9.20759671227,0.440640242435
643,9.34725118974,0.351544449221
2053,9.24190558447,0.305508582397
442,8.96894724398,0.393826760289
443,8.90105916141,0.451074025706
1947,9.21304816831,0.276532977855
1948,9.01369675621,0.404562907904
1920,9.30523529112,0.428323519279
