puma_id,metro,micro,_none
0600101,1,0,0
3600704,0.354838709677419,0.645161290322581,0
1203101,1,0,0
2601003,1,0,0
4201900,0.452380952380952,0.547619047619048,0
0608506,1,0,0
2901500,0,0.357142857142857,0.642857142857143
3603804,1,0,0
2102100,0.346153846153846,0.5,0.153846153846154
2501902,1,0,0
4201804,1,0,0
5540301,1,0,0
7201101,0.857142857142857,0,0.142857142857143
4806803,1,0,0
4804625,1,0,0
0608511,1,0,0
3602903,1,0,0
5104103,1,0,0
1801803,1,0,0
4801400,1,0,0
0603721,1,0,0
0609703,1,0,0
2500704,1,0,0
1209506,1,0,0
4703208,1,0,0
3702300,0.709677419354839,0.032258064516129,0.258064516129032
0400500,1,0,0
0400202,1,0,0
4802509,1,0,0
4500105,1,0,0
2101400,0.482758620689655,0,0.517241379310345
4200900,0.763157894736842,0.236842105263158,0
2400901,1,0,0
2201502,1,0,0
2901005,1,0,0
3600702,1,0,0
0501600,0.571428571428571,0.342857142857143,0.0857142857142857
0607502,1,0,0
0603709,1,0,0
1209510,1,0,0
1207301,1,0,0
2300700,1,0,0
2401203,1,0,0
2202301,1,0,0
1800900,0.466666666666667,0.533333333333333,0
0606102,1,0,0
2600802,1,0,0
5500100,0.193548387096774,0,0.806451612903226
3800400,0.473684210526316,0,0.526315789473684
1100105,1,0,0
5151096,1,0,0
4802507,1,0,0
0606514,1,0,0
3200409,1,0,0
4805201,1,0,0
5311609,1,0,0
4805907,1,0,0
3603301,1,0,0
4202003,1,0,0
2800100,1,0,0
2401006,1,0,0
4804614,1,0,0
2701600,1,0,0
2400100,0.766666666666667,0,0.233333333333333
0601306,1,0,0
4203003,1,0,0
1205706,1,0,0
1209910,1,0,0
2400400,1,0,0
3904109,1,0,0
4804904,1,0,0
2100300,0.774193548387097,0,0.225806451612903
7200805,1,0,0
1210305,1,0,0
5541005,1,0,0
1301700,1,0,0
3604014,1,0,0
0400206,1,0,0
3200405,1,0,0
5501400,0,0.302325581395349,0.697674418604651
0609903,1,0,0
3200103,1,0,0
4804636,1,0,0
3401104,1,0,0
4805307,1,0,0
1208617,1,0,0
3501002,1,0,0
3701100,1,0,0
4802004,1,0,0
2701407,1,0,0
3400906,1,0,0
5500101,1,0,0
4804609,1,0,0
0102200,0,0,1
4804627,1,0,0
4202802,1,0,0
5401300,0,0.3,0.7
4801501,1,0,0
3603201,1,0,0
2504000,1,0,0
1703307,1,0,0
2400700,1,0,0
0608701,1,0,0
2102000,0.275862068965517,0.551724137931034,0.172413793103448
0800805,1,0,0
4101104,1,0,0
3601201,1,0,0
5311101,1,0,0
0603758,1,0,0
3401106,1,0,0
4804701,1,0,0
2902500,0,0.307692307692308,0.692307692307692
4803502,1,0,0
1800800,0,1,0
4202002,1,0,0
0800808,1,0,0
1703501,1,0,0
3701207,1,0,0
4201802,1,0,0
1600900,0,1,0
2102800,0.611111111111111,0,0.388888888888889
0900903,1,0,0
4501203,1,0,0
2601704,0.66,0.34,0
3703103,1,0,0
3700300,1,0,0
0608702,1,0,0
1208700,0.147058823529412,0.852941176470588,0
2000700,1,0,0
1210501,1,0,0
1211701,1,0,0
1802100,1,0,0
0400111,1,0,0
0900300,1,0,0
2401007,1,0,0
0400105,1,0,0
4100400,1,0,0
0606707,1,0,0
2700800,0,0.608695652173913,0.391304347826087
3100802,1,0,0
3904500,0,0.647058823529412,0.352941176470588
1301002,1,0,0
4805203,1,0,0
7200202,0.857142857142857,0,0.142857142857143
1302100,1,0,0
3602300,1,0,0
2601600,0,0,1
4805910,1,0,0
0100700,0,0.72,0.28
0608509,1,0,0
0601905,1,0,0
0900301,1,0,0
4803900,0,0.416666666666667,0.583333333333333
5151095,1,0,0
3600901,1,0,0
3401800,1,0,0
0800102,1,0,0
3704400,0.0925925925925926,0.907407407407407,0
2400200,1,0,0
3100400,0,0.514285714285714,0.485714285714286
2501600,1,0,0
4804623,1,0,0
1703008,1,0,0
5400500,0,0.205882352941176,0.794117647058824
5151186,1,0,0
4800600,0.447368421052632,0.105263157894737,0.447368421052632
1304004,1,0,0
3904103,1,0,0
0501700,0.875,0,0.125
0800700,1,0,0
3400304,1,0,0
1703204,1,0,0
5159305,1,0,0
1801802,1,0,0
1702801,1,0,0
3601206,1,0,0
3900909,1,0,0
7201002,1,0,0
3603308,1,0,0
4800300,1,0,0
0605902,1,0,0
4000702,0,0.59375,0.40625
4702600,1,0,0
1209509,1,0,0
5310300,1,0,0
2902100,0,0.44,0.56
4911001,1,0,0
0600103,1,0,0
1702000,1,0,0
1301004,1,0,0
4804622,1,0,0
0500800,0,0.565217391304348,0.434782608695652
7200201,1,0,0
1205707,1,0,0
4501102,1,0,0
0611102,1,0,0
1210101,1,0,0
1703602,1,0,0
1211300,1,0,0
0603749,1,0,0
0607504,1,0,0
1902300,0,0.733333333333333,0.266666666666667
2701410,1,0,0
3600903,1,0,0
3905403,1,0,0
3604102,1,0,0
0800400,0,0.851851851851852,0.148148148148148
3200403,1,0,0
3600902,1,0,0
1208616,1,0,0
2500702,1,0,0
3704700,1,0,0
0607107,1,0,0
1802304,1,0,0
3604009,1,0,0
0600110,1,0,0
4400400,1,0,0
4500103,1,0,0
4802321,1,0,0
0600108,1,0,0
2001200,0,0.641025641025641,0.358974358974359
2201201,1,0,0
4803306,1,0,0
4805902,1,0,0
2700500,1,0,0
4804608,1,0,0
1500302,1,0,0
2702200,0.821428571428571,0,0.178571428571429
0603769,1,0,0
3701202,1,0,0
0611101,1,0,0
4806900,0,0.909090909090909,0.0909090909090909
4801200,0.28,0.56,0.16
2601004,1,0,0
3603309,1,0,0
3904102,1,0,0
0400124,1,0,0
1211703,1,0,0
1601000,0,0.91304347826087,0.0869565217391304
3000700,1,0,0
3904108,1,0,0
1201500,1,0,0
3402202,1,0,0
2901806,1,0,0
3401903,1,0,0
1209508,1,0,0
4203603,1,0,0
2700700,0,0.457142857142857,0.542857142857143
1900700,0.619047619047619,0,0.380952380952381
1901800,0.0731707317073171,0,0.926829268292683
4802303,1,0,0
4804616,1,0,0
4203211,1,0,0
1800700,0.413793103448276,0,0.586206896551724
0500500,0.375,0.225,0.4
4501300,0,0.416666666666667,0.583333333333333
3903400,0,1,0
4203701,1,0,0
0600109,1,0,0
1703108,1,0,0
4801300,0,0,1
1000104,1,0,0
2602904,1,0,0
4805905,1,0,0
2603004,1,0,0
0602300,0,1,0
4806806,1,0,0
1208623,1,0,0
2100600,0,0.161290322580645,0.838709677419355
3401504,1,0,0
3905100,0.444444444444444,0.555555555555556,0
2503306,1,0,0
1205702,1,0,0
2202300,1,0,0
4201100,0,0.857142857142857,0.142857142857143
1210307,1,0,0
2701404,1,0,0
1305002,1,0,0
3402400,1,0,0
5400900,1,0,0
1000300,1,0,0
0607113,1,0,0
4202803,1,0,0
1208601,1,0,0
5151085,0.363636363636364,0,0.636363636363636
0607704,1,0,0
3904604,1,0,0
3602401,0.740740740740741,0.259259259259259,0
0606101,1,0,0
4202100,1,0,0
5151105,0.130434782608696,0,0.869565217391304
0605500,1,0,0
2504303,1,0,0
1203105,1,0,0
5151215,1,0,0
1303200,0.115384615384615,0,0.884615384615385
5600200,0,0.304347826086957,0.695652173913043
4801502,1,0,0
3904900,0.304347826086957,0.304347826086957,0.391304347826087
4949004,1,0,0
0601304,1,0,0
1703417,1,0,0
3401700,1,0,0
4804802,1,0,0
0900303,1,0,0
0601907,1,0,0
1900100,0,0.272727272727273,0.727272727272727
1208607,1,0,0
0605909,1,0,0
0603762,1,0,0
4804100,0.137931034482759,0,0.862068965517241
3603302,1,0,0
0607108,1,0,0
1703532,1,0,0
4805000,0.307692307692308,0.564102564102564,0.128205128205128
3705200,0.333333333333333,0.666666666666667,0
4500604,1,0,0
0605916,1,0,0
1702601,1,0,0
1703105,1,0,0
3603206,1,0,0
3300900,1,0,0
4935005,1,0,0
4203702,1,0,0
2900902,1,0,0
3901000,1,0,0
1703503,1,0,0
1209907,1,0,0
5502400,1,0,0
0501200,1,0,0
0602901,1,0,0
4100902,1,0,0
1100104,1,0,0
3603313,1,0,0
2603100,1,0,0
2401300,0.25,0.4375,0.3125
4805912,1,0,0
5151115,1,0,0
2200600,0.172413793103448,0.172413793103448,0.655172413793103
4935008,1,0,0
3100500,0,0.647058823529412,0.352941176470588
4200801,1,0,0
0607310,1,0,0
2100100,0,0.8,0.2
5151087,0.794117647058824,0,0.205882352941176
4802306,1,0,0
0606506,1,0,0
3401101,1,0,0
3602203,0.103448275862069,0,0.896551724137931
4802005,1,0,0
4805914,1,0,0
0608104,1,0,0
1601300,0.75,0.03125,0.21875
4500302,1,0,0
4802312,1,0,0
2601300,0,0,1
1703411,1,0,0
0603744,1,0,0
4806400,0,0.642857142857143,0.357142857142857
4953001,1,0,0
3600401,1,0,0
0608510,1,0,0
4001203,1,0,0
4800700,1,0,0
0606509,1,0,0
3601101,1,0,0
0800809,1,0,0
0607114,1,0,0
1901300,0.740740740740741,0.259259259259259,0
4702200,0,0.71875,0.28125
1210503,1,0,0
2400302,1,0,0
4805909,1,0,0
3401302,1,0,0
1901400,0.552631578947368,0.236842105263158,0.210526315789474
3901500,1,0,0
0607316,1,0,0
1703409,1,0,0
0611105,1,0,0
3400502,1,0,0
3400501,1,0,0
3604011,1,0,0
2603001,1,0,0
1209507,1,0,0
4911002,1,0,0
3603103,1,0,0
5311802,1,0,0
2602903,1,0,0
4803602,1,0,0
3904800,0,1,0
0100500,0.181818181818182,0.818181818181818,0
4200701,1,0,0
3401001,1,0,0
1500304,1,0,0
1301003,1,0,0
3500803,1,0,0
2900700,0,0.641025641025641,0.358974358974359
0102400,0.288888888888889,0.177777777777778,0.533333333333333
3602801,1,0,0
1207103,1,0,0
4501202,1,0,0
4203504,1,0,0
1802301,1,0,0
2501900,1,0,0
3300500,0,1,0
3402600,1,0,0
4101323,1,0,0
4001003,1,0,0
0605303,1,0,0
2801000,1,0,0
1500303,1,0,0
4702002,1,0,0
4802322,1,0,0
3601500,0.571428571428571,0.428571428571429,0
3604012,1,0,0
0804106,1,0,0
2602906,1,0,0
1202103,1,0,0
4700300,0.886363636363636,0,0.113636363636364
2202402,1,0,0
1209701,1,0,0
1208900,1,0,0
2101200,0.25,0.375,0.375
2500505,1,0,0
1100103,1,0,0
0400127,1,0,0
4201701,1,0,0
3901200,1,0,0
3500700,1,0,0
5151045,0.813953488372093,0,0.186046511627907
2100900,0,0.694444444444444,0.305555555555556
5151175,1,0,0
2401102,1,0,0
2400601,1,0,0
2401107,1,0,0
3603806,1,0,0
4202902,1,0,0
4203404,1,0,0
2900800,0.653846153846154,0.346153846153846,0
0607318,1,0,0
4001202,1,0,0
4201803,1,0,0
4000701,0,0.464285714285714,0.535714285714286
0603755,1,0,0
3100902,1,0,0
2801100,1,0,0
4801903,1,0,0
5400400,0.911111111111111,0,0.0888888888888889
2701800,1,0,0
4203004,1,0,0
0800100,0.0909090909090909,0.424242424242424,0.484848484848485
4806601,1,0,0
1211102,1,0,0
2601100,0.302325581395349,0.558139534883721,0.13953488372093
4804631,1,0,0
2000500,1,0,0
3703107,1,0,0
1801500,0,0.40625,0.59375
4701601,1,0,0
1901200,0.21875,0.3125,0.46875
5159303,1,0,0
1209502,1,0,0
3200402,1,0,0
3800100,0.0517241379310345,0.53448275862069,0.413793103448276
5151080,0.75,0,0.25
5570301,1,0,0
4000400,0,0.607142857142857,0.392857142857143
0603754,1,0,0
3603211,1,0,0
7200806,1,0,0
2901703,1,0,0
4802304,1,0,0
3900904,1,0,0
3603809,1,0,0
1209904,1,0,0
4804604,1,0,0
0501900,0,0.884615384615385,0.115384615384615
3301000,1,0,0
4804702,1,0,0
3703700,0,0.75,0.25
3603002,1,0,0
4805911,1,0,0
0603720,1,0,0
4202703,1,0,0
5151245,1,0,0
0608103,1,0,0
7200402,0.9375,0.0625,0
4600100,0.769230769230769,0.128205128205128,0.102564102564103
5000400,0,0.761904761904762,0.238095238095238
4802006,1,0,0
2801400,0,0.222222222222222,0.777777777777778
0607702,1,0,0
5311605,1,0,0
4802003,1,0,0
4203302,1,0,0
4701200,0.51219512195122,0.365853658536585,0.121951219512195
1202700,0.605263157894737,0.394736842105263,0
4202600,0,1,0
4501000,0,0.517241379310345,0.482758620689655
2802000,1,0,0
1703415,1,0,0
5310503,1,0,0
3905700,1,0,0
2600500,0,0.75,0.25
1801600,0.592592592592593,0,0.407407407407407
2801700,0,0.518518518518518,0.481481481481481
2602701,1,0,0
1207104,1,0,0
0607320,1,0,0
1703521,1,0,0
2401201,1,0,0
0102701,1,0,0
5311603,1,0,0
5600300,0.67741935483871,0.32258064516129,0
2701402,1,0,0
3100701,0.64,0.36,0
5570201,1,0,0
5501401,1,0,0
1702400,0,1,0
1703407,1,0,0
3100903,1,0,0
4501204,1,0,0
7200501,1,0,0
0400100,1,0,0
5159302,1,0,0
2900600,1,0,0
1901600,1,0,0
3401402,1,0,0
2500100,1,0,0
0400113,1,0,0
4400201,1,0,0
4805100,0.620689655172414,0,0.379310344827586
1202300,0.138888888888889,0.333333333333333,0.527777777777778
3603704,1,0,0
4100100,0,0.71875,0.28125
4703201,1,0,0
0101302,1,0,0
4805908,1,0,0
2800800,0,0.85,0.15
5311705,1,0,0
2901100,1,0,0
3603210,1,0,0
4001001,1,0,0
0606512,1,0,0
0603731,1,0,0
0800807,1,0,0
1210304,1,0,0
1802700,0.125,0.425,0.45
2101300,0.682926829268293,0,0.317073170731707
1209505,1,0,0
2300500,0,0,1
2601703,1,0,0
4804612,1,0,0
5600400,0.666666666666667,0,0.333333333333333
3703108,1,0,0
4806805,1,0,0
1701104,1,0,0
4805306,1,0,0
5151020,0.354166666666667,0,0.645833333333333
0501400,1,0,0
4600600,1,0,0
3703400,1,0,0
4801902,1,0,0
0607503,1,0,0
1201102,1,0,0
2600700,1,0,0
0606503,1,0,0
0603748,1,0,0
4806801,1,0,0
2902603,1,0,0
4804630,1,0,0
0610702,1,0,0
4804905,1,0,0
4802501,1,0,0
4702001,1,0,0
3901300,0,1,0
2503301,1,0,0
1800600,0,0.777777777777778,0.222222222222222
0611104,1,0,0
0800814,1,0,0
4001006,1,0,0
5400800,0.869565217391304,0.130434782608696,0
3900300,1,0,0
1801801,1,0,0
3400302,1,0,0
3702201,1,0,0
0400107,1,0,0
0400130,1,0,0
0102702,1,0,0
3700200,0,0.923076923076923,0.0769230769230769
3402103,1,0,0
4203202,1,0,0
5311507,1,0,0
2503602,1,0,0
3400904,1,0,0
3701802,1,0,0
4802302,1,0,0
4805913,1,0,0
4801800,0,1,0
0800812,1,0,0
2602600,1,0,0
5104101,1,0,0
4802301,1,0,0
2200800,0.6,0.233333333333333,0.166666666666667
3704300,1,0,0
1700104,0,0.692307692307692,0.307692307692308
0605913,1,0,0
4201807,1,0,0
0607901,1,0,0
4935003,1,0,0
4802305,1,0,0
2901808,1,0,0
1703601,1,0,0
0607506,1,0,0
3900906,1,0,0
4802600,0.147540983606557,0.344262295081967,0.508196721311475
3900910,1,0,0
4702504,1,0,0
0606513,1,0,0
0600104,1,0,0
0400116,1,0,0
1802500,1,0,0
2503304,1,0,0
2602901,1,0,0
1600701,1,0,0
3903200,1,0,0
2500300,1,0,0
3400602,1,0,0
3600701,1,0,0
3600905,1,0,0
4203104,1,0,0
5155002,1,0,0
2400801,1,0,0
1212703,1,0,0
0606511,1,0,0
1703107,1,0,0
3400901,1,0,0
1500306,1,0,0
2500504,1,0,0
5151110,1,0,0
1203103,1,0,0
2702300,0.206896551724138,0.793103448275862,0
4804638,1,0,0
1302800,0.424242424242424,0.272727272727273,0.303030303030303
0603715,1,0,0
4802316,1,0,0
0900902,1,0,0
2603203,1,0,0
3800200,0,0.25,0.75
0607322,1,0,0
3602702,1,0,0
4803801,1,0,0
0400118,1,0,0
1703202,1,0,0
3602002,1,0,0
3900905,1,0,0
4804400,1,0,0
2200400,1,0,0
4200802,1,0,0
1304003,1,0,0
1208618,1,0,0
0607701,1,0,0
3402201,1,0,0
1208603,1,0,0
1301800,0.159090909090909,0.363636363636364,0.477272727272727
4500900,1,0,0
3200412,1,0,0
4800800,0.604651162790698,0.186046511627907,0.209302325581395
4805500,0.351351351351351,0,0.648648648648649
2401400,1,0,0
4203401,1,0,0
1201106,1,0,0
3904105,1,0,0
2902400,0,0.344827586206897,0.655172413793103
0606508,1,0,0
1208101,1,0,0
1210700,0.291666666666667,0.708333333333333,0
1209903,1,0,0
2001303,1,0,0
3200300,0,0.782608695652174,0.217391304347826
3603802,1,0,0
1703309,1,0,0
4806200,0,0.705882352941176,0.294117647058824
5310901,1,0,0
4501600,0,0.869565217391304,0.130434782608696
3402101,1,0,0
3602701,0.314285714285714,0,0.685714285714286
4600200,0,0.166666666666667,0.833333333333334
4700800,0,0.538461538461538,0.461538461538462
0602500,1,0,0
3701204,1,0,0
3904111,1,0,0
4804607,1,0,0
2603002,1,0,0
4203209,1,0,0
2202100,1,0,0
4200600,1,0,0
5155001,1,0,0
0601305,1,0,0
0900905,1,0,0
5151044,1,0,0
2701503,1,0,0
5110701,1,0,0
4101317,1,0,0
3905401,1,0,0
1701701,1,0,0
1203106,1,0,0
0607101,1,0,0
3903600,0,0.592592592592593,0.407407407407407
4700500,1,0,0
1301001,1,0,0
0800822,1,0,0
2602908,1,0,0
0603764,1,0,0
3604101,1,0,0
0400120,1,0,0
0800900,0,0.357142857142857,0.642857142857143
3401502,1,0,0
4802200,0.413793103448276,0.586206896551724,0
0900500,0,1,0
0800801,1,0,0
2400804,1,0,0
3601205,1,0,0
5159304,1,0,0
4000800,1,0,0
0607501,1,0,0
2603201,1,0,0
5310902,1,0,0
2500507,1,0,0
4200702,1,0,0
1303005,1,0,0
4801100,0.72,0,0.28
3700100,0,0.393939393939394,0.606060606060606
2201000,0,0.703703703703704,0.296296296296296
2800400,0,0.454545454545455,0.545454545454545
1303400,1,0,0
3604114,1,0,0
3604010,1,0,0
5311611,1,0,0
0200102,1,0,0
3401205,1,0,0
5311701,1,0,0
0603763,1,0,0
3700400,0.269230769230769,0.5,0.230769230769231
1209100,1,0,0
3602100,0,0.583333333333333,0.416666666666667
2902602,1,0,0
3902300,0,0.818181818181818,0.181818181818182
1800500,1,0,0
5500102,1,0,0
1304500,1,0,0
4203204,1,0,0
4804611,1,0,0
1801003,1,0,0
1902200,0.142857142857143,0.685714285714286,0.171428571428571
4701602,1,0,0
4200102,1,0,0
0603724,1,0,0
1208613,1,0,0
0603766,1,0,0
1703005,1,0,0
3900903,1,0,0
4700200,0,0.48780487804878,0.51219512195122
5151097,0,0.927272727272727,0.0727272727272727
2400803,1,0,0
2601400,1,0,0
4703206,1,0,0
1306001,1,0,0
2202201,1,0,0
1212702,1,0,0
2500701,1,0,0
3603106,1,0,0
2600900,0,1,0
1703102,1,0,0
1901000,1,0,0
3604017,1,0,0
0102600,1,0,0
0608105,1,0,0
3604109,1,0,0
4203102,1,0,0
4500502,1,0,0
3900907,1,0,0
4703205,1,0,0
7200804,1,0,0
2001304,1,0,0
3905302,1,0,0
5310703,1,0,0
3400307,1,0,0
4957001,1,0,0
1302300,1,0,0
3400702,1,0,0
5151165,1,0,0
4702503,1,0,0
0607902,1,0,0
3901804,1,0,0
4800900,1,0,0
7200602,1,0,0
1207102,1,0,0
4804628,1,0,0
0607505,1,0,0
3400701,1,0,0
0600106,1,0,0
1302400,1,0,0
4200500,0.418604651162791,0,0.581395348837209
1202102,1,0,0
3704600,1,0,0
0500400,0,0.242424242424242,0.757575757575758
5311502,1,0,0
0607317,1,0,0
0101000,0,0.523809523809524,0.476190476190476
4202401,1,0,0
0200300,0.513513513513513,0.27027027027027,0.216216216216216
5159306,1,0,0
0900901,1,0,0
4806804,1,0,0
3100100,0,0.351351351351351,0.648648648648649
4203402,1,0,0
2001301,1,0,0
5151145,0.837209302325581,0,0.162790697674419
3500400,0,0.62962962962963,0.37037037037037
0101301,1,0,0
0605907,1,0,0
3200401,1,0,0
3705300,0.75,0,0.25
1300401,1,0,0
5510000,1,0,0
4804613,1,0,0
4101318,1,0,0
2601900,1,0,0
1803100,0.461538461538462,0,0.538461538461539
5311505,1,0,0
4802900,1,0,0
0605904,1,0,0
4500700,0.451612903225806,0.225806451612903,0.32258064516129
1210900,1,0,0
5151010,0.113207547169811,0.509433962264151,0.377358490566038
3400905,1,0,0
4203002,1,0,0
3401401,1,0,0
2700600,0.675675675675676,0,0.324324324324324
4203501,1,0,0
0608507,1,0,0
1703106,1,0,0
3601400,1,0,0
4203210,1,0,0
3905600,1,0,0
1600500,1,0,0
1300300,0.37037037037037,0.444444444444444,0.185185185185185
3200411,1,0,0
4804635,1,0,0
2901804,1,0,0
3604007,1,0,0
1203500,1,0,0
3400305,1,0,0
3701301,1,0,0
7200803,1,0,0
4804301,1,0,0
2400805,1,0,0
3603803,1,0,0
4949003,1,0,0
1703528,1,0,0
4201300,0,0.380952380952381,0.619047619047619
0603702,1,0,0
1303003,1,0,0
0804102,1,0,0
3000600,0.176470588235294,0,0.823529411764706
0605903,1,0,0
3501200,0,1,0
5400700,0.933333333333333,0,0.0666666666666667
2701502,1,0,0
5110703,1,0,0
4202200,0.739130434782609,0.260869565217391,0
2500508,1,0,0
2900500,1,0,0
0400122,1,0,0
4806702,1,0,0
4804903,1,0,0
0601500,0,0.390243902439024,0.609756097560976
4101316,1,0,0
2601802,1,0,0
3901700,1,0,0
4701603,1,0,0
1900400,0.210526315789474,0,0.789473684210526
1000200,1,0,0
4500501,1,0,0
0101600,1,0,0
1304002,1,0,0
1800200,1,0,0
4803304,1,0,0
4203103,1,0,0
3705003,1,0,0
1304000,1,0,0
2504500,1,0,0
2603300,1,0,0
1000101,1,0,0
0101305,1,0,0
2701900,0.114285714285714,0.542857142857143,0.342857142857143
1500100,0.685185185185185,0.314814814814815,0
1701105,1,0,0
3900600,0.535714285714286,0.464285714285714,0
4203001,1,0,0
0601903,1,0,0
2101901,1,0,0
5151125,0.204081632653061,0,0.795918367346939
0900900,1,0,0
1303300,1,0,0
2900901,1,0,0
5151164,1,0,0
4803305,1,0,0
7200101,1,0,0
5500103,1,0,0
0603761,1,0,0
5310701,1,0,0
3200407,1,0,0
1803300,1,0,0
0500100,1,0,0
5311607,1,0,0
1802600,0.0645161290322581,0.774193548387097,0.161290322580645
2300600,1,0,0
0603723,1,0,0
3600703,1,0,0
3703600,1,0,0
1600800,1,0,0
3603306,1,0,0
4203601,1,0,0
4203304,1,0,0
4501101,1,0,0
4804200,1,0,0
4804504,1,0,0
3600906,1,0,0
3000300,0,0.641025641025641,0.358974358974359
0501000,1,0,0
1600200,1,0,0
2000604,1,0,0
2201600,1,0,0
3400306,1,0,0
4804902,1,0,0
0602904,1,0,0
4935007,1,0,0
1303900,1,0,0
3500600,1,0,0
4802002,1,0,0
1304006,1,0,0
3601801,1,0,0
2001500,0,0.744186046511628,0.255813953488372
0800811,1,0,0
2501901,1,0,0
4101302,1,0,0
1211704,1,0,0
4804617,1,0,0
5311506,1,0,0
7201001,1,0,0
4806807,1,0,0
3603107,1,0,0
0605905,1,0,0
1302700,1,0,0
3401203,1,0,0
0602902,1,0,0
4802512,1,0,0
3601300,0.576923076923077,0,0.423076923076923
5311402,1,0,0
4203105,1,0,0
1200901,1,0,0
2102500,1,0,0
1500305,1,0,0
5151206,1,0,0
3603902,1,0,0
3602202,1,0,0
5540101,1,0,0
1500308,1,0,0
0606711,1,0,0
1702901,1,0,0
0608301,1,0,0
3604005,1,0,0
4804502,1,0,0
3904107,1,0,0
1702200,0.604166666666667,0.208333333333333,0.1875
2400802,1,0,0
3905506,1,0,0
2100800,0,0.653846153846154,0.346153846153846
4702003,1,0,0
1000103,1,0,0
4000601,1,0,0
0400112,1,0,0
4806603,1,0,0
4600300,0,0.414634146341463,0.585365853658537
1802303,1,0,0
3603207,1,0,0
3701201,1,0,0
3904110,1,0,0
4001400,0,0.851851851851852,0.148148148148148
1300700,0.151515151515152,0.424242424242424,0.424242424242424
3603810,1,0,0
4805301,1,0,0
3900100,0,0.3,0.7
3603212,1,0,0
1208303,1,0,0
3401501,1,0,0
2201800,0.645161290322581,0.354838709677419,0
3604104,1,0,0
7200302,1,0,0
3401902,1,0,0
4101324,1,0,0
1500200,0,1,0
3704900,0,0.136363636363636,0.863636363636364
2700400,0.761904761904762,0,0.238095238095238
4803303,1,0,0
1800102,1,0,0
4203203,1,0,0
0603725,1,0,0
4802511,1,0,0
1703414,1,0,0
2500503,1,0,0
5541001,1,0,0
2603202,1,0,0
5500200,1,0,0
5310502,1,0,0
0606103,1,0,0
0100400,0,0.44,0.56
4500102,1,0,0
0603734,1,0,0
1208602,1,0,0
1902100,0.645161290322581,0,0.354838709677419
2800500,0,0.806451612903226,0.193548387096774
1701300,1,0,0
2504301,1,0,0
5501600,1,0,0
0603716,1,0,0
4202901,1,0,0
4805202,1,0,0
5310100,1,0,0
0602905,1,0,0
4806701,1,0,0
3903800,1,0,0
2503400,1,0,0
0609503,1,0,0
0605917,1,0,0
2400504,1,0,0
4701900,0.705882352941177,0.294117647058824,0
1209906,1,0,0
0200400,0,0,1
1800402,1,0,0
0101800,0.290322580645161,0.387096774193548,0.32258064516129
1802306,1,0,0
2601801,1,0,0
0800802,1,0,0
5159301,1,0,0
2401600,1,0,0
1303101,1,0,0
3601600,0,1,0
3601202,1,0,0
1300402,1,0,0
3601802,1,0,0
4101301,1,0,0
3401102,1,0,0
2101500,1,0,0
2603209,1,0,0
0603752,1,0,0
1900800,0.15625,0.6875,0.15625
1100102,1,0,0
3401404,1,0,0
4802309,1,0,0
4805800,1,0,0
5311504,1,0,0
4100703,1,0,0
4500602,1,0,0
0900306,1,0,0
4935009,1,0,0
2901807,1,0,0
7200502,1,0,0
2800700,0,0.46875,0.53125
3100801,1,0,0
0400204,1,0,0
1703421,1,0,0
4201501,0.125,0.875,0
4201805,1,0,0
1802400,1,0,0
4600500,0.757575757575758,0.242424242424242,0
1301008,1,0,0
0400102,1,0,0
5311000,0.178571428571429,0.714285714285714,0.107142857142857
0102500,0.708333333333333,0.291666666666667,0
1703527,1,0,0
1701900,1,0,0
7201102,1,0,0
2201300,0.619047619047619,0.380952380952381,0
5104102,1,0,0
2701401,1,0,0
1000102,1,0,0
5101302,1,0,0
0800200,0,0.92,0.08
4203503,1,0,0
0101200,1,0,0
1703524,1,0,0
1210306,1,0,0
3604016,1,0,0
0605911,1,0,0
4804503,1,0,0
0400807,1,0,0
1212701,1,0,0
2801600,0,0.707317073170732,0.292682926829268
0603705,1,0,0
2100500,1,0,0
3500300,0,0.962962962962963,0.037037037037037
4203207,1,0,0
2400602,1,0,0
2603005,1,0,0
0400803,1,0,0
0606502,1,0,0
1100101,1,0,0
3603707,1,0,0
2504903,1,0,0
0601302,1,0,0
3401403,1,0,0
0101304,1,0,0
1703422,1,0,0
2401103,1,0,0
4805906,1,0,0
1210308,1,0,0
4800200,1,0,0
5311615,1,0,0
1700900,0.617021276595745,0,0.382978723404255
3000500,0.135135135135135,0.594594594594595,0.27027027027027
5310600,0.259259259259259,0.555555555555556,0.185185185185185
1203102,1,0,0
0608512,1,0,0
4201502,1,0,0
0605910,1,0,0
2503500,1,0,0
0100301,1,0,0
3601207,1,0,0
3902000,0,1,0
2100200,0,0.466666666666667,0.533333333333333
4000200,0.391304347826087,0.391304347826087,0.217391304347826
4801901,1,0,0
0100600,1,0,0
3604018,1,0,0
1701500,1,0,0
5500900,1,0,0
2701301,1,0,0
0600102,1,0,0
1201110,1,0,0
2902601,1,0,0
1303500,0,0.481481481481481,0.518518518518518
3500805,1,0,0
4001002,1,0,0
1304600,1,0,0
4001302,0.421052631578947,0.421052631578947,0.157894736842105
5159309,1,0,0
4202701,1,0,0
4703204,1,0,0
1601200,1,0,0
1303001,1,0,0
3604106,1,0,0
3601203,1,0,0
2501400,1,0,0
4101320,1,0,0
5311612,1,0,0
0610100,1,0,0
3602901,1,0,0
5310504,1,0,0
4101303,1,0,0
0605302,1,0,0
2000603,1,0,0
2900300,0,0.642857142857143,0.357142857142857
1209902,1,0,0
2700200,0,0.294117647058824,0.705882352941177
1901100,1,0,0
4200300,0,0.666666666666667,0.333333333333333
0603768,1,0,0
0603706,1,0,0
1703412,1,0,0
3300800,1,0,0
0400125,1,0,0
2603205,1,0,0
4203602,1,0,0
2601200,0,0.694444444444444,0.305555555555556
3701801,1,0,0
4201801,1,0,0
3600403,0.433333333333333,0.566666666666667,0
3603003,1,0,0
3702400,0,0.307692307692308,0.692307692307692
0601906,1,0,0
0607319,1,0,0
2503603,1,0,0
0601904,1,0,0
1303004,1,0,0
2400506,1,0,0
4801000,0,0.707317073170732,0.292682926829268
1700300,0,0.529411764705882,0.470588235294118
2101100,0,0,1
1206903,1,0,0
2000802,0.888888888888889,0,0.111111111111111
1205701,1,0,0
4805302,1,0,0
1700501,0.342857142857143,0.228571428571429,0.428571428571429
4202801,1,0,0
1300800,0.192307692307692,0.807692307692308,0
2000601,1,0,0
4101000,0,1,0
0900104,1,0,0
4500104,1,0,0
5311613,1,0,0
4702800,0,0.407407407407407,0.592592592592593
2901802,1,0,0
1203107,1,0,0
1703205,1,0,0
1300500,0.179487179487179,0.564102564102564,0.256410256410256
0608504,1,0,0
0901500,1,0,0
1703007,1,0,0
1801300,0.571428571428571,0.314285714285714,0.114285714285714
4202301,1,0,0
5501001,0,1,0
4101321,1,0,0
2504901,1,0,0
2701409,1,0,0
4001601,0.518518518518518,0.481481481481481,0
0101400,0.5625,0,0.4375
2400505,1,0,0
0605901,1,0,0
2500502,1,0,0
2901004,1,0,0
1700202,0.314814814814815,0.592592592592593,0.0925925925925926
4801906,1,0,0
1207105,1,0,0
5540701,1,0,0
0400203,1,0,0
0603727,1,0,0
4201400,1,0,0
3703002,1,0,0
4804803,1,0,0
1210502,1,0,0
1802000,1,0,0
3100904,1,0,0
0607103,1,0,0
2200500,0.125,0.166666666666667,0.708333333333333
0601308,1,0,0
2900100,0,0.128205128205128,0.871794871794872
0501800,0.166666666666667,0,0.833333333333333
1703203,1,0,0
3800500,1,0,0
4001301,1,0,0
1802200,1,0,0
4804602,1,0,0
0800803,1,0,0
3702900,1,0,0
1208604,1,0,0
4804621,1,0,0
0605912,1,0,0
2602000,1,0,0
3702000,1,0,0
7200102,1,0,0
5501301,0.173913043478261,0.826086956521739,0
3905502,1,0,0
1301400,1,0,0
2201700,1,0,0
1301200,0,0.416666666666667,0.583333333333333
3603105,1,0,0
1901900,0,0.13953488372093,0.86046511627907
3501001,1,0,0
3200408,1,0,0
4100901,1,0,0
2001400,0.37037037037037,0.185185185185185,0.444444444444444
3902100,0,1,0
1205703,1,0,0
3604111,1,0,0
4203900,1,0,0
0200200,0.648648648648649,0,0.351351351351351
0101500,1,0,0
0100900,1,0,0
2800600,0,0.536585365853659,0.463414634146341
2901200,0,0,1
4802800,0.0810810810810811,0.405405405405405,0.513513513513514
1900600,0.0909090909090909,0.272727272727273,0.636363636363636
4701700,1,0,0
0400106,1,0,0
4001201,1,0,0
2400301,1,0,0
4949002,1,0,0
0603730,1,0,0
2202200,1,0,0
5311610,1,0,0
2901901,1,0,0
0601100,0,0.407407407407407,0.592592592592593
3900500,1,0,0
0800804,1,0,0
5151135,0.857142857142857,0,0.142857142857143
1211702,1,0,0
5311616,1,0,0
0604101,1,0,0
3000200,0.465116279069767,0,0.534883720930233
3200101,1,0,0
3500100,0.225806451612903,0.774193548387097,0
4800400,0.15,0.4,0.45
0400900,0.761904761904762,0.238095238095238,0
4203800,0,0.6,0.4
0500900,1,0,0
4803700,0.122448979591837,0.204081632653061,0.673469387755102
3000100,0,0.678571428571429,0.321428571428571
0500700,0.21875,0.375,0.40625
1300900,1,0,0
1209901,1,0,0
4701100,1,0,0
3603901,1,0,0
5151255,1,0,0
2702500,1,0,0
3904300,1,0,0
3402500,1,0,0
2202500,1,0,0
2600300,0,0.2,0.8
1800104,1,0,0
5600500,0,0.862068965517241,0.137931034482759
4501400,1,0,0
1703308,1,0,0
4101305,1,0,0
1201103,1,0,0
3400503,1,0,0
2200300,0.155555555555556,0.422222222222222,0.422222222222222
3400907,1,0,0
0800816,1,0,0
1703418,1,0,0
0400209,1,0,0
0601901,1,0,0
4703207,1,0,0
4802503,1,0,0
3703001,1,0,0
4957002,1,0,0
2902002,1,0,0
1600400,0.631578947368421,0.210526315789474,0.157894736842105
4803501,1,0,0
4804620,1,0,0
4935001,1,0,0
2200100,1,0,0
1208605,1,0,0
1700700,0,0,1
1702300,1,0,0
3401201,1,0,0
3901803,1,0,0
1803600,1,0,0
2202302,1,0,0
3900901,1,0,0
4702900,0,0,1
4701400,0.653846153846154,0.346153846153846,0
3500802,1,0,0
1212704,1,0,0
2401105,1,0,0
1303800,0.620689655172414,0.379310344827586,0
1201900,1,0,0
2200101,1,0,0
3402303,1,0,0
0610703,1,0,0
0608102,1,0,0
4805700,1,0,0
0607309,1,0,0
1208609,1,0,0
1800103,1,0,0
4000602,0.15625,0.34375,0.5
1208614,1,0,0
4101103,1,0,0
3401904,1,0,0
1203301,1,0,0
1208102,1,0,0
1802900,0.6,0.4,0
3900200,1,0,0
4805305,1,0,0
5311300,0,1,0
0605914,1,0,0
2502400,1,0,0
0607307,1,0,0
3603701,1,0,0
0607105,1,0,0
4802308,1,0,0
5501300,0.303030303030303,0.424242424242424,0.272727272727273
1500307,1,0,0
2300900,1,0,0
4500605,1,0,0
3901600,1,0,0
3903500,1,0,0
1703410,1,0,0
3701900,1,0,0
0603701,1,0,0
1207101,1,0,0
3600600,1,0,0
0603738,1,0,0
4600400,0,0.447368421052632,0.552631578947368
0605918,1,0,0
2500703,1,0,0
4802317,1,0,0
3604001,1,0,0
1209905,1,0,0
1802305,1,0,0
2201900,1,0,0
7200301,1,0,0
5502500,1,0,0
0603726,1,0,0
0609702,1,0,0
3905402,1,0,0
1304100,1,0,0
3604105,1,0,0
0603745,1,0,0
2504902,1,0,0
4200400,0,0.538461538461538,0.461538461538462
4804619,1,0,0
1703408,1,0,0
2401106,1,0,0
4700600,0.518518518518518,0.333333333333333,0.148148148148148
5000100,1,0,0
4500301,1,0,0
3700500,0.48,0.4,0.12
3905504,1,0,0
2901803,1,0,0
3901900,1,0,0
4800502,1,0,0
0501500,0,0,1
1700105,1,0,0
0607111,1,0,0
0607304,1,0,0
1209908,1,0,0
0605915,1,0,0
2901701,1,0,0
3904106,1,0,0
3704200,1,0,0
0400134,1,0,0
0607109,1,0,0
3703101,1,0,0
0606507,1,0,0
4802513,1,0,0
3300100,0,1,0
4100600,1,0,0
0901100,1,0,0
0400300,0,0.659574468085106,0.340425531914894
0601303,1,0,0
2201500,1,0,0
2400501,1,0,0
2700900,1,0,0
4805303,1,0,0
2504800,0.722222222222222,0.111111111111111,0.166666666666667
1701001,0.142857142857143,0.547619047619048,0.30952380952381
3904601,1,0,0
0603747,1,0,0
1703420,1,0,0
2701405,1,0,0
0100800,1,0,0
0100100,0.765957446808511,0,0.234042553191489
2500506,1,0,0
5550000,0,1,0
1210104,1,0,0
5151155,1,0,0
2000602,1,0,0
0601902,1,0,0
4903001,1,0,0
4806703,1,0,0
0603742,1,0,0
3705100,0,1,0
0606504,1,0,0
0603729,1,0,0
2202400,1,0,0
3402003,1,0,0
4703000,1,0,0
0800810,1,0,0
3703900,0,0,1
1800101,1,0,0
3905507,1,0,0
1302600,0.823529411764706,0.176470588235294,0
0400101,1,0,0
1803500,1,0,0
4000900,1,0,0
3000400,0.448979591836735,0,0.551020408163265
4801700,0.419354838709677,0.387096774193548,0.193548387096774
3601900,1,0,0
0502000,0.551724137931034,0,0.448275862068966
3500500,1,0,0
1703502,1,0,0
1803000,0.208333333333333,0.791666666666667,0
3903000,0,0.807692307692308,0.192307692307692
0600300,0,0.239130434782609,0.760869565217391
3603307,1,0,0
4804901,1,0,0
2602101,1,0,0
5401100,0,0,1
0102100,1,0,0
4203106,1,0,0
2600400,0,0.377777777777778,0.622222222222222
1302500,0.78125,0.21875,0
2400902,1,0,0
3603104,1,0,0
3903700,0.24,0.76,0
3604004,1,0,0
3704100,0.347826086956522,0.652173913043478,0
2101800,1,0,0
2401202,1,0,0
1207300,1,0,0
4803601,0.277777777777778,0.166666666666667,0.555555555555556
0804103,1,0,0
0603739,1,0,0
0101100,1,0,0
2401002,1,0,0
5151120,0.880952380952381,0,0.119047619047619
5311501,1,0,0
0603717,1,0,0
0603718,1,0,0
3705400,1,0,0
4203205,1,0,0
0603736,1,0,0
3604112,1,0,0
3704800,1,0,0
5311703,1,0,0
7200503,1,0,0
1201112,1,0,0
0607303,1,0,0
3603311,1,0,0
4702300,1,0,0
3902400,0,0.65,0.35
3200413,1,0,0
1600100,0.08,0.64,0.28
4702505,1,0,0
2400503,1,0,0
0609904,1,0,0
3602402,0.0666666666666667,0.766666666666667,0.166666666666667
5310702,1,0,0
0606710,1,0,0
4806302,1,0,0
2602102,1,0,0
4204002,0.709677419354839,0,0.290322580645161
0400115,1,0,0
2101902,1,0,0
4200803,1,0,0
1209911,1,0,0
3905503,1,0,0
1206901,1,0,0
5311200,0.727272727272727,0,0.272727272727273
0603750,1,0,0
2504700,1,0,0
2902300,0,0.294117647058824,0.705882352941176
3905000,0,0.785714285714286,0.214285714285714
3700900,1,0,0
0900302,1,0,0
2401001,1,0,0
7200902,1,0,0
5311606,1,0,0
3600500,0.787878787878788,0,0.212121212121212
3602500,0,0.617647058823529,0.382352941176471
5311706,1,0,0
7200601,1,0,0
0604102,1,0,0
1300100,0.666666666666667,0.333333333333333,0
3603807,1,0,0
5555102,0.636363636363636,0.363636363636364,0
0606708,1,0,0
0607106,1,0,0
1206100,1,0,0
3702600,0,0.78125,0.21875
1201108,1,0,0
7200802,1,0,0
0800820,1,0,0
4500800,0.433962264150943,0,0.566037735849057
5310501,1,0,0
4801907,1,0,0
0900305,1,0,0
4804632,1,0,0
0601301,1,0,0
0101303,1,0,0
4800501,1,0,0
4202702,1,0,0
0608303,1,0,0
3702100,0.642857142857143,0.357142857142857,0
0400103,1,0,0
0400128,1,0,0
1200500,0.830769230769231,0,0.169230769230769
3903300,1,0,0
2101705,1,0,0
2202000,0.793103448275862,0,0.206896551724138
2701202,1,0,0
0607314,1,0,0
3401901,1,0,0
0801002,0.153846153846154,0.384615384615385,0.461538461538462
1703526,1,0,0
3901100,1,0,0
1900900,1,0,0
5311503,1,0,0
0400119,1,0,0
4803400,0.533333333333333,0,0.466666666666667
1801100,0.285714285714286,0.485714285714286,0.228571428571429
3604110,1,0,0
2300800,1,0,0
0607115,1,0,0
4802319,1,0,0
3600100,0,1,0
0603704,1,0,0
2800900,1,0,0
4806500,0.7,0.233333333333333,0.0666666666666667
0607321,1,0,0
5151224,1,0,0
1703207,1,0,0
2400502,1,0,0
7200401,0.833333333333333,0.166666666666667,0
5311900,0,0.758620689655172,0.241379310344828
0900101,1,0,0
4400101,1,0,0
0400108,1,0,0
5311103,1,0,0
1703504,1,0,0
2800200,0.285714285714286,0.25,0.464285714285714
3100702,1,0,0
4100500,0.208333333333333,0.625,0.166666666666667
4201702,1,0,0
1208608,1,0,0
3200102,1,0,0
3300300,0.966666666666667,0,0.0333333333333333
3603903,1,0,0
4203403,1,0,0
5400600,0,0,1
3900802,1,0,0
3702800,1,0,0
3702500,0.794117647058823,0.205882352941176,0
2100400,0.319148936170213,0.276595744680851,0.404255319148936
2200900,0.805555555555556,0,0.194444444444444
3400703,1,0,0
3600300,1,0,0
3603709,1,0,0
4803000,1,0,0
1208620,1,0,0
4806100,0.875,0,0.125
2701103,1,0,0
4802307,1,0,0
2601702,1,0,0
3600800,0.696969696969697,0.303030303030303,0
4202001,1,0,0
3600200,0,0.66,0.34
0603703,1,0,0
2000200,0,0.311111111111111,0.688888888888889
5501601,0,0.688888888888889,0.311111111111111
3703106,1,0,0
2400507,1,0,0
0608101,1,0,0
2701403,1,0,0
0608514,1,0,0
1301600,0.564102564102564,0.230769230769231,0.205128205128205
4802510,1,0,0
5151089,0.727272727272727,0,0.272727272727273
2801500,0,0.821428571428571,0.178571428571429
4805901,1,0,0
3603801,1,0,0
1301100,0.162162162162162,0.189189189189189,0.648648648648649
4500200,1,0,0
4101105,1,0,0
2902200,0.655172413793103,0.344827586206897,0
4202402,1,0,0
0608502,1,0,0
0605906,1,0,0
5311401,1,0,0
4806301,1,0,0
5500600,0,0.256410256410256,0.743589743589744
0603300,0,1,0
1802307,1,0,0
0400208,1,0,0
2503305,1,0,0
1211501,1,0,0
4802314,1,0,0
3300600,1,0,0
0501100,1,0,0
2602300,1,0,0
2000900,0,0.4,0.6
1302002,1,0,0
3604002,1,0,0
1703009,1,0,0
2500304,1,0,0
1303600,1,0,0
2602800,1,0,0
3603205,1,0,0
2801200,0.478260869565217,0.521739130434783,0
3905200,0,0.375,0.625
1208624,1,0,0
4805400,1,0,0
1302900,1,0,0
3603312,1,0,0
1209503,1,0,0
3602802,1,0,0
1211101,1,0,0
3400101,1,0,0
4101322,1,0,0
4101200,1,0,0
4400300,1,0,0
1703531,1,0,0
4804624,1,0,0
2701201,1,0,0
4701000,1,0,0
3400301,1,0,0
0608513,1,0,0
0900700,1,0,0
5000200,0,0.448979591836735,0.551020408163265
4702501,1,0,0
1302001,1,0,0
2401500,1,0,0
0400117,1,0,0
0800818,1,0,0
4100704,1,0,0
4700900,0.5,0,0.5
0603751,1,0,0
3603304,1,0,0
4803100,1,0,0
0400121,1,0,0
1301006,1,0,0
4204001,1,0,0
0608302,1,0,0
3703200,1,0,0
3603303,1,0,0
2504200,1,0,0
2901902,1,0,0
4804634,1,0,0
1305001,1,0,0
4913001,0,0.535714285714286,0.464285714285714
1302003,1,0,0
3100300,0.647058823529412,0,0.352941176470588
4802102,1,0,0
5311602,1,0,0
4800100,0.0714285714285714,0.392857142857143,0.535714285714286
4805903,1,0,0
1210504,1,0,0
4001005,1,0,0
4702402,1,0,0
4804633,1,0,0
0603100,1,0,0
2600200,0,0.666666666666667,0.333333333333333
2702100,0,0.15,0.85
4801904,1,0,0
2501300,1,0,0
1300600,1,0,0
3701000,0,0.826086956521739,0.173913043478261
0606704,1,0,0
3200200,0.357142857142857,0.642857142857143,0
3401600,1,0,0
0603719,1,0,0
4804618,1,0,0
3401301,1,0,0
4802505,1,0,0
0608106,1,0,0
2603208,1,0,0
0603757,1,0,0
1303102,1,0,0
3701702,1,0,0
3603702,1,0,0
5151090,1,0,0
2602907,1,0,0
0500600,0.647058823529412,0.352941176470588,0
5311104,1,0,0
3401503,1,0,0
2602905,1,0,0
4501500,1,0,0
0609501,1,0,0
2601701,1,0,0
4802311,1,0,0
0900105,1,0,0
2601002,1,0,0
1202101,1,0,0
4935006,1,0,0
1208301,1,0,0
1206902,1,0,0
1209504,1,0,0
4701800,0.75,0,0.25
1200904,1,0,0
1900500,1,0,0
3800300,0.857142857142857,0,0.142857142857143
2100700,0,0.608695652173913,0.391304347826087
0901101,1,0,0
5151084,1,0,0
1205301,1,0,0
1700401,0.488372093023256,0.27906976744186,0.232558139534884
5101301,1,0,0
5311801,1,0,0
7200801,1,0,0
3500200,1,0,0
3703104,1,0,0
0608508,1,0,0
4703202,1,0,0
5541003,1,0,0
1208103,1,0,0
2800300,0.285714285714286,0.25,0.464285714285714
4201200,1,0,0
1304400,1,0,0
1201114,1,0,0
0800819,1,0,0
3902200,1,0,0
1801001,1,0,0
2802100,1,0,0
0603707,1,0,0
0603746,1,0,0
3603001,1,0,0
1702100,1,0,0
0800817,1,0,0
3701302,1,0,0
2701101,1,0,0
0603714,1,0,0
3402001,1,0,0
4701604,1,0,0
0606501,1,0,0
0607104,1,0,0
3400601,1,0,0
3400400,1,0,0
0603711,1,0,0
1700800,0.0816326530612245,0.0816326530612245,0.836734693877551
4000500,0,0.238095238095238,0.761904761904762
0603740,1,0,0
4703203,1,0,0
2503900,1,0,0
2603206,1,0,0
2702400,0.147058823529412,0.852941176470588,0
2102200,0,0.76,0.24
2602200,0,1,0
0603756,1,0,0
0800300,1,0,0
4203301,1,0,0
3603708,1,0,0
0607305,1,0,0
1208611,1,0,0
1801200,1,0,0
4801905,1,0,0
3603705,1,0,0
5151244,1,0,0
2603006,1,0,0
1701205,1,0,0
2701302,1,0,0
4001102,0.555555555555556,0.444444444444444,0
0900304,1,0,0
0400123,1,0,0
2101000,0,0,1
2500302,1,0,0
0609502,1,0,0
0102703,1,0,0
2102600,0.85,0,0.15
0609901,1,0,0
0607112,1,0,0
3701500,0.5,0.5,0
4203303,1,0,0
4803802,1,0,0
3704000,1,0,0
4200101,1,0,0
0400131,1,0,0
0600107,1,0,0
2600600,0,0.266666666666667,0.733333333333333
3702202,1,0,0
0603713,1,0,0
4802515,1,0,0
2401101,1,0,0
0400104,1,0,0
3602600,0,1,0
3401204,1,0,0
1900200,0,0.4,0.6
4100705,1,0,0
1902000,1,0,0
2700100,0.522727272727273,0,0.477272727272727
0400805,1,0,0
1210303,1,0,0
5159308,1,0,0
0611103,1,0,0
5151167,1,0,0
5501501,1,0,0
2101703,1,0,0
4400104,1,0,0
3601000,0.423076923076923,0.576923076923077,0
4905001,0.666666666666667,0.30952380952381,0.0238095238095238
2901001,1,0,0
2603003,1,0,0
1208619,1,0,0
5311704,1,0,0
0900904,1,0,0
2300200,0,0,1
3601204,1,0,0
0200101,1,0,0
2700300,0.181818181818182,0.303030303030303,0.515151515151515
0608503,1,0,0
4804601,1,0,0
2603213,1,0,0
4802313,1,0,0
0607313,1,0,0
5311102,1,0,0
4806602,1,0,0
1304200,0.382352941176471,0.0588235294117647,0.558823529411765
1201101,1,0,0
3500804,1,0,0
3901805,1,0,0
0606510,1,0,0
0603728,1,0,0
1801900,1,0,0
3400903,1,0,0
4702401,1,0,0
0800821,1,0,0
3604003,1,0,0
0800815,1,0,0
2301000,1,0,0
1212100,0,0,1
4201806,1,0,0
4203208,1,0,0
3604006,1,0,0
0800823,1,0,0
3500900,0.129032258064516,0.451612903225806,0.419354838709677
2500200,0.4,0.6,0
0611300,1,0,0
3603209,1,0,0
0900906,1,0,0
1201105,1,0,0
0603708,1,0,0
3703800,0,1,0
0900103,1,0,0
2701304,1,0,0
4802514,1,0,0
4805308,1,0,0
3904000,1,0,0
1901500,1,0,0
0800824,1,0,0
1208500,1,0,0
3604008,1,0,0
0800806,1,0,0
1901700,1,0,0
3402302,1,0,0
3603305,1,0,0
1200903,1,0,0
1801400,0,1,0
3604103,1,0,0
4202302,1,0,0
2102400,1,0,0
3602001,1,0,0
0600701,1,0,0
0400114,1,0,0
2901805,1,0,0
3904400,1,0,0
3100200,0.12,0.4,0.48
3703105,1,0,0
2101702,1,0,0
0607312,1,0,0
2901600,1,0,0
0400132,1,0,0
1300200,1,0,0
1703525,1,0,0
5151040,1,0,0
2500301,1,0,0
4935002,1,0,0
5151235,1,0,0
0400109,1,0,0
2001100,0.225,0.325,0.45
4802516,1,0,0
2701408,1,0,0
1600300,0.375,0,0.625
2801900,0.291666666666667,0.375,0.333333333333333
2603211,1,0,0
1201104,1,0,0
1205704,1,0,0
5500800,0.388888888888889,0.333333333333333,0.277777777777778
3901400,1,0,0
4805600,0.793103448275862,0.206896551724138,0
1304300,1,0,0
3900902,1,0,0
4804000,0,1,0
2101701,1,0,0
2200200,1,0,0
5600100,0,0.454545454545455,0.545454545454545
0607703,1,0,0
1702700,0,1,0
4100200,0,0.620689655172414,0.379310344827586
1210103,1,0,0
3700600,0,0.68,0.32
4001101,0.8,0.2,0
5500700,0.16,0,0.84
3401002,1,0,0
3703300,0.380952380952381,0.619047619047619,0
3401105,1,0,0
3601102,1,0,0
0603743,1,0,0
2702000,0,0.441176470588235,0.558823529411765
1703520,1,0,0
4804637,1,0,0
4805204,1,0,0
1703413,1,0,0
4500101,0.651162790697674,0.348837209302326,0
4804615,1,0,0
1211503,1,0,0
0608501,1,0,0
2503302,1,0,0
2501000,1,0,0
2600801,1,0,0
5310200,0.526315789473684,0.385964912280702,0.087719298245614
1201107,1,0,0
3200404,1,0,0
4805304,1,0,0
2602702,1,0,0
0610701,1,0,0
0603737,1,0,0
1203104,1,0,0
1208302,1,0,0
1210301,1,0,0
3900801,1,0,0
0605908,1,0,0
3603208,1,0,0
4803302,1,0,0
2901300,0.318181818181818,0.272727272727273,0.409090909090909
1303002,1,0,0
4400103,1,0,0
2500303,1,0,0
3900400,1,0,0
5310400,0.566666666666667,0,0.433333333333333
3500806,1,0,0
3600402,1,0,0
5400100,1,0,0
2602703,1,0,0
0400400,1,0,0
4101314,1,0,0
0608505,1,0,0
0607306,1,0,0
1800300,1,0,0
1201701,1,0,0
3701704,1,0,0
3700700,0.379310344827586,0.517241379310345,0.103448275862069
4001501,0.146341463414634,0.414634146341463,0.439024390243902
0607311,1,0,0
1802800,1,0,0
2901003,1,0,0
1703209,1,0,0
0605700,0,0.952380952380952,0.0476190476190476
4804302,1,0,0
3601700,1,0,0
2502800,1,0,0
0800800,0.0285714285714286,0,0.971428571428571
4203206,1,0,0
0601700,1,0,0
0400129,1,0,0
3604013,1,0,0
0607308,1,0,0
2102700,0.0810810810810811,0.432432432432432,0.486486486486487
0609701,1,0,0
1208622,1,0,0
1703310,1,0,0
0100302,1,0,0
0400110,1,0,0
2503601,1,0,0
2603207,1,0,0
2000300,0.692307692307692,0.307692307692308,0
2900903,1,0,0
2201400,1,0,0
5311608,1,0,0
4702100,0.36,0.24,0.4
0400205,1,0,0
3603310,1,0,0
4805904,1,0,0
2504302,1,0,0
2902800,1,0,0
3701203,1,0,0
0102300,0,0.325581395348837,0.674418604651163
2701406,1,0,0
3902900,0,0.714285714285714,0.285714285714286
0400600,0.826923076923077,0,0.173076923076923
2401003,1,0,0
0603767,1,0,0
1201109,1,0,0
1703401,1,0,0
3602201,1,0,0
7200403,0.5625,0.4375,0
4201600,1,0,0
1200902,1,0,0
1703523,1,0,0
0800103,1,0,0
0603765,1,0,0
3704500,1,0,0
3701803,1,0,0
1201113,1,0,0
3603805,1,0,0
2202401,1,0,0
1703522,1,0,0
1801700,1,0,0
3701400,1,0,0
0611106,1,0,0
2901002,1,0,0
4001204,1,0,0
4700400,1,0,0
0604702,1,0,0
0607301,1,0,0
1702501,0.363636363636364,0.636363636363636,0
0100200,1,0,0
0609902,1,0,0
1301500,1,0,0
4935004,1,0,0
3401103,1,0,0
5311604,1,0,0
3900700,0,1,0
0101700,0.24390243902439,0.365853658536585,0.390243902439024
0606505,1,0,0
0804105,1,0,0
3604107,1,0,0
0600105,1,0,0
1703700,1,0,0
3905301,1,0,0
4000100,0.2,0.2,0.6
1701602,0.3,0.45,0.25
4805915,1,0,0
1209702,1,0,0
3701205,1,0,0
3603202,1,0,0
4500601,1,0,0
1210302,1,0,0
3904700,1,0,0
0607507,1,0,0
1703306,1,0,0
2101706,1,0,0
5151246,1,0,0
5311614,1,0,0
5520000,1,0,0
4802101,1,0,0
2300400,0,1,0
3200410,1,0,0
3703500,1,0,0
0606702,1,0,0
4802506,1,0,0
1208612,1,0,0
2101600,1,0,0
0900100,1,0,0
5500300,1,0,0
4804501,1,0,0
2602400,1,0,0
3401003,1,0,0
1211502,1,0,0
2000801,1,0,0
5151225,1,0,0
1200101,1,0,0
0606709,1,0,0
5401200,0.644444444444444,0.355555555555556,0
1802302,1,0,0
2901801,1,0,0
5000300,0,0.608695652173913,0.391304347826087
2901702,1,0,0
3400303,1,0,0
1208615,1,0,0
1209501,1,0,0
2603204,1,0,0
1200102,1,0,0
2901400,0,0.3,0.7
4804629,1,0,0
1205708,1,0,0
3604113,1,0,0
5159307,1,0,0
3300200,0,0.666666666666667,0.333333333333333
1306002,1,0,0
1209909,1,0,0
3603204,1,0,0
3701208,1,0,0
1703419,1,0,0
2001000,0,0.888888888888889,0.111111111111111
4101319,1,0,0
4806802,1,0,0
4500400,0.48780487804878,0.51219512195122,0
4202500,1,0,0
2600100,0,0.698412698412698,0.301587301587302
4802508,1,0,0
3901801,1,0,0
3904602,1,0,0
3904200,1,0,0
0400126,1,0,0
0400700,1,0,0
2201200,1,0,0
0901300,1,0,0
3600904,1,0,0
0608900,1,0,0
0601309,1,0,0
3701701,1,0,0
3604015,1,0,0
2702600,0.62962962962963,0.37037037037037,0
3603706,1,0,0
4203502,1,0,0
4802400,1,0,0
2701102,1,0,0
3402301,1,0,0
0603753,1,0,0
3603203,1,0,0
4802318,1,0,0
1803200,0.72,0,0.28
4803301,1,0,0
0603900,1,0,0
4501201,1,0,0
1301300,0,0.4,0.6
2701700,1,0,0
0501300,0.09375,0.53125,0.375
0603733,1,0,0
0606706,1,0,0
3400102,1,0,0
0801001,1,0,0
1703416,1,0,0
7200701,0.75,0.25,0
5541002,1,0,0
3402002,1,0,0
4400102,1,0,0
4804605,1,0,0
0605301,1,0,0
1210102,1,0,0
5555101,0.0666666666666667,0,0.933333333333333
2500501,1,0,0
2603210,1,0,0
4802320,1,0,0
1803400,0,0.617647058823529,0.382352941176471
1203302,1,0,0
2401005,1,0,0
3500801,1,0,0
1304005,1,0,0
1208621,1,0,0
2300300,1,0,0
3705001,1,0,0
0607110,1,0,0
2401104,1,0,0
4701300,1,0,0
2602500,0,1,0
3701600,1,0,0
5110702,1,0,0
5501000,0.48,0.52,0
4000300,0.25,0.270833333333333,0.479166666666667
4805309,1,0,0
3400308,1,0,0
2900200,1,0,0
4806000,0.260869565217391,0.652173913043478,0.0869565217391304
2503303,1,0,0
7200901,1,0,0
2902001,1,0,0
2000400,0.851851851851852,0.148148148148148,0
0607102,1,0,0
4804603,1,0,0
2701303,1,0,0
1601100,0.19047619047619,0.80952380952381,0
5310800,0,1,0
5400200,0,1,0
3902500,1,0,0
1301007,1,0,0
0604701,1,0,0
3300700,0.9,0.1,0
1600702,1,0,0
2200700,0.733333333333333,0.266666666666667,0
4703100,0.727272727272727,0,0.272727272727273
2101704,1,0,0
3705002,1,0,0
4001004,1,0,0
4801600,1,0,0
0601307,1,0,0
4201000,0.142857142857143,0.857142857142857,0
2500400,1,0,0
3100600,0.0909090909090909,0.159090909090909,0.75
4700100,0.128205128205128,0.461538461538462,0.41025641025641
3904603,1,0,0
4702700,0.53125,0.46875,0
4203101,1,0,0
2001302,1,0,0
5311702,1,0,0
4802001,1,0,0
4804610,1,0,0
3701206,1,0,0
0602903,1,0,0
1208610,1,0,0
1600600,1,0,0
5501500,1,0,0
0606712,1,0,0
4802502,1,0,0
0606515,1,0,0
1205705,1,0,0
3402104,1,0,0
4100800,0.470588235294118,0.529411764705882,0
4702502,1,0,0
1301005,1,0,0
1302200,0.333333333333333,0.666666666666667,0
0400201,1,0,0
3902700,0,0.75,0.25
0102000,1,0,0
0600702,1,0,0
2601001,1,0,0
1208606,1,0,0
0603735,1,0,0
5151154,1,0,0
1209300,0.148148148148148,0.703703703703704,0.148148148148148
4949001,1,0,0
3400902,1,0,0
3903900,1,0,0
0804101,1,0,0
2401004,1,0,0
2602902,1,0,0
4805916,1,0,0
3904101,1,0,0
0101900,1,0,0
0603741,1,0,0
3400800,1,0,0
3300400,0,1,0
2300100,0,0,1
2701501,1,0,0
4200200,0,1,0
2000100,0,0.15,0.85
0400207,1,0,0
2401204,1,0,0
2603212,1,0,0
3900908,1,0,0
5400300,1,0,0
0606705,1,0,0
2201100,1,0,0
4921001,0.0645161290322581,0.258064516129032,0.67741935483871
5570101,1,0,0
3603710,1,0,0
1206300,0.487179487179487,0,0.512820512820513
1500301,1,0,0
3603102,1,0,0
0603759,1,0,0
3700800,0,0.428571428571429,0.571428571428571
0603712,1,0,0
3603808,1,0,0
4804606,1,0,0
0400800,0.125,0.78125,0.09375
1703530,1,0,0
3200406,1,0,0
2900400,0.428571428571429,0.25,0.321428571428571
4701500,0.333333333333333,0.666666666666667,0
0400133,1,0,0
3603703,1,0,0
4802315,1,0,0
1801002,1,0,0
4802504,1,0,0
1703208,1,0,0
3604108,1,0,0
1700600,0,0.6,0.4
0603732,1,0,0
1302004,1,0,0
4500603,1,0,0
3903100,1,0,0
0603760,1,0,0
2801300,1,0,0
5555103,1,0,0
4804801,1,0,0
3401202,1,0,0
3602902,1,0,0
2701000,1,0,0
5401000,1,0,0
0800600,0.2,0.466666666666667,0.333333333333333
2902700,0.148148148148148,0.592592592592593,0.259259259259259
0603710,1,0,0
4802700,1,0,0
1800401,1,0,0
1301900,0.758620689655172,0.241379310344828,0
0607302,1,0,0
3902800,0.166666666666667,0.833333333333333,0
3702700,0.642857142857143,0.357142857142857,0
3100901,1,0,0
0900102,1,0,0
1304001,1,0,0
0606701,1,0,0
4803200,0.0303030303030303,0.272727272727273,0.696969696969697
2201501,1,0,0
1201111,1,0,0
1703529,1,0,0
3603101,1,0,0
4804626,1,0,0
2601500,1,0,0
3905501,1,0,0
5311601,1,0,0
3902600,0,1,0
2102300,0.810810810810811,0,0.189189189189189
0603722,1,0,0
2801800,0.823529411764706,0,0.176470588235294
3905505,1,0,0
0500200,1,0,0
3501100,0,0.864864864864865,0.135135135135135
1303700,0.571428571428571,0,0.428571428571429
4203201,1,0,0
3402102,1,0,0
0800813,1,0,0
3901802,1,0,0
4700700,0,0.896551724137931,0.103448275862069
1701204,1,0,0
0607315,1,0,0
0500300,0.117647058823529,0.529411764705882,0.352941176470588
5530000,1,0,0
0804104,1,0,0
3701703,1,0,0
0606703,1,0,0
3904104,1,0,0
5541004,1,0,0
4100300,0,0.875,0.125
4802310,1,0,0
3703102,1,0,0
