GEOID,Population
05000US01001,3828
05000US01003,10881
05000US01005,3138
05000US01007,1687
05000US01009,5106
05000US01011,688
05000US01013,2276
05000US01015,8813
05000US01017,2773
05000US01019,2401
05000US01021,3190
05000US01023,1603
05000US01025,2114
05000US01027,1179
05000US01029,1451
05000US01031,7127
05000US01033,4370
05000US01035,1112
05000US01037,1010
05000US01039,4394
05000US01041,1785
05000US01043,6496
05000US01045,5196
05000US01047,3195
05000US01049,6156
05000US01051,6413
05000US01053,3275
05000US01055,8553
05000US01057,1668
05000US01059,2456
05000US01061,3162
05000US01063,807
05000US01065,1641
05000US01067,1635
05000US01069,26189
05000US01071,5133
05000US01073,47298
05000US01075,1570
05000US01077,7129
05000US01079,2921
05000US01081,9999
05000US01083,6176
05000US01085,1476
05000US01087,2643
05000US01089,24350
05000US01091,2016
05000US01093,2744
05000US01095,12188
05000US01097,29806
05000US01099,1804
05000US01101,16799
05000US01103,8773
05000US01105,804
05000US01107,2120
05000US01109,3910
05000US01111,1981
05000US01113,3680
05000US01115,5266
05000US01117,15259
05000US01119,1232
05000US01121,6243
05000US01123,3338
05000US01125,14561
05000US01127,5894
05000US01129,1564
05000US01131,1124
05000US01133,2175
05000US02013,1166
05000US02016,1828
05000US02020,19680
05000US02050,6967
05000US02060,573
05000US02068,390
05000US02070,1848
05000US02090,6302
05000US02100,364
05000US02105,778
05000US02110,3599
05000US02122,7745
05000US02130,2278
05000US02150,1457
05000US02164,884
05000US02170,13168
05000US02180,4361
05000US02185,2678
05000US02188,3596
05000US02195,1129
05000US02198,2087
05000US02220,1427
05000US02230,397
05000US02240,1171
05000US02261,1280
05000US02270,4285
05000US02275,645
05000US02282,341
05000US02290,2665
05000US04001,11246
05000US04003,10371
05000US04005,12421
05000US04007,3817
05000US04009,3688
05000US04011,1085
05000US04012,1948
05000US04013,261143
05000US04015,12684
05000US04017,11994
05000US04019,70736
05000US04021,23634
05000US04023,3128
05000US04025,12392
05000US04027,14003
05000US05001,2036
05000US05003,2152
05000US05005,3568
05000US05007,16803
05000US05009,3491
05000US05011,1157
05000US05013,698
05000US05015,2173
05000US05017,1215
05000US05019,2369
05000US05021,2130
05000US05023,2244
05000US05025,1096
05000US05027,2090
05000US05029,2343
05000US05031,7342
05000US05033,4540
05000US05035,4591
05000US05037,1733
05000US05039,915
05000US05041,1336
05000US05043,1538
05000US05045,9434
05000US05047,1664
05000US05049,1294
05000US05051,6150
05000US05053,1904
05000US05055,3391
05000US05057,1826
05000US05059,3008
05000US05061,1351
05000US05063,3161
05000US05065,1614
05000US05067,2527
05000US05069,6558
05000US05071,2577
05000US05073,1045
05000US05075,2489
05000US05077,1206
05000US05079,1593
05000US05081,1206
05000US05083,2617
05000US05085,5357
05000US05087,1467
05000US05089,1645
05000US05091,3301
05000US05093,4348
05000US05095,1022
05000US05097,1131
05000US05099,938
05000US05101,983
05000US05103,2322
05000US05105,1217
05000US05107,1773
05000US05109,1538
05000US05111,2644
05000US05113,2110
05000US05115,4975
05000US05117,1331
05000US05119,23976
05000US05121,1764
05000US05123,2575
05000US05125,7639
05000US05127,1042
05000US05129,918
05000US05131,8759
05000US05133,1582
05000US05135,2037
05000US05137,918
05000US05139,3883
05000US05141,1675
05000US05143,13994
05000US05145,6407
05000US05147,978
05000US05149,1967
05000US06001,118415
05000US06003,280
05000US06005,3142
05000US06007,17095
05000US06009,2568
05000US06011,1963
05000US06013,70877
05000US06015,2586
05000US06017,12062
05000US06019,66547
05000US06021,2603
05000US06023,11532
05000US06025,12509
05000US06027,2465
05000US06029,58350
05000US06031,13313
05000US06033,4038
05000US06035,4550
05000US06037,751076
05000US06039,10180
05000US06041,18102
05000US06043,1315
05000US06045,6649
05000US06047,18211
05000US06049,930
05000US06051,731
05000US06053,32040
05000US06055,11853
05000US06057,6744
05000US06059,220309
05000US06061,25344
05000US06063,1562
05000US06065,159055
05000US06067,103855
05000US06069,4764
05000US06071,126003
05000US06073,220765
05000US06075,55371
05000US06077,49265
05000US06079,18960
05000US06081,54369
05000US06083,31973
05000US06085,138321
05000US06087,19530
05000US06089,14438
05000US06091,298
05000US06093,6465
05000US06095,30450
05000US06097,34930
05000US06099,35973
05000US06101,7893
05000US06103,5305
05000US06105,1310
05000US06107,35437
05000US06109,3952
05000US06111,61589
05000US06113,14464
05000US06115,5231
05000US08001,30760
05000US08003,1414
05000US08005,47037
05000US08007,1242
05000US08009,941
05000US08011,1014
05000US08013,23935
05000US08014,4666
05000US08015,1715
05000US08017,576
05000US08019,915
05000US08021,1556
05000US08023,463
05000US08025,878
05000US08027,427
05000US08029,2906
05000US08031,43833
05000US08033,346
05000US08035,21116
05000US08037,2561
05000US08039,2557
05000US08041,45819
05000US08043,4766
05000US08045,3645
05000US08047,397
05000US08049,1130
05000US08051,1433
05000US08053,218
05000US08055,688
05000US08057,308
05000US08059,45757
05000US08061,471
05000US08063,1503
05000US08065,421
05000US08067,5780
05000US08069,22691
05000US08071,2100
05000US08073,1212
05000US08075,2385
05000US08077,9969
05000US08079,212
05000US08081,1218
05000US08083,2195
05000US08085,3219
05000US08087,3026
05000US08089,2283
05000US08091,685
05000US08093,1189
05000US08095,789
05000US08097,971
05000US08099,1641
05000US08101,13767
05000US08103,884
05000US08105,1347
05000US08107,2224
05000US08109,862
05000US08111,124
05000US08113,931
05000US08115,730
05000US08117,1330
05000US08119,1787
05000US08121,1308
05000US08123,22457
05000US08125,1100
05000US09001,72449
05000US09003,71530
05000US09005,17181
05000US09007,12640
05000US09009,62205
05000US09011,23018
05000US09013,12148
05000US09015,9823
05000US10001,13522
05000US10003,43796
05000US10005,21006
05000US11001,48134
05000US12001,16788
05000US12003,1874
05000US12005,11407
05000US12007,2310
05000US12009,33570
05000US12011,103914
05000US12013,1552
05000US12015,10130
05000US12017,8002
05000US12019,10156
05000US12021,18928
05000US12023,4226
05000US12027,2661
05000US12029,1213
05000US12031,51477
05000US12033,20123
05000US12035,5490
05000US12037,1283
05000US12039,3648
05000US12041,1737
05000US12043,1089
05000US12045,1539
05000US12047,1794
05000US12049,2045
05000US12051,2050
05000US12053,11590
05000US12055,6137
05000US12057,85177
05000US12059,1955
05000US12061,8229
05000US12063,5123
05000US12065,1436
05000US12067,849
05000US12069,16853
05000US12071,40869
05000US12073,18394
05000US12075,3357
05000US12077,1017
05000US12079,1891
05000US12081,21572
05000US12083,18354
05000US12085,9885
05000US12086,147187
05000US12087,5556
05000US12089,4534
05000US12091,13108
05000US12093,2834
05000US12095,66791
05000US12097,13083
05000US12099,91339
05000US12101,33234
05000US12103,65484
05000US12105,41620
05000US12107,4947
05000US12109,11541
05000US12111,13387
05000US12113,9526
05000US12115,25806
05000US12117,25150
05000US12119,6385
05000US12121,2450
05000US12123,1598
05000US12125,2060
05000US12127,31308
05000US12129,2057
05000US12131,3761
05000US12133,2479
05000US13001,1421
05000US13003,904
05000US13005,866
05000US13007,364
05000US13009,2990
05000US13011,1767
05000US13013,5219
05000US13015,5560
05000US13017,1291
05000US13019,1605
05000US13021,11360
05000US13023,1040
05000US13025,1024
05000US13027,1290
05000US13029,2036
05000US13031,4819
05000US13033,2028
05000US13035,1697
05000US13037,1022
05000US13039,3470
05000US13043,999
05000US13045,6673
05000US13047,3520
05000US13049,972
05000US13051,19438
05000US13053,1368
05000US13055,2605
05000US13057,11282
05000US13059,8525
05000US13061,460
05000US13063,14158
05000US13065,714
05000US13067,40699
05000US13069,3180
05000US13071,3243
05000US13073,7129
05000US13075,1544
05000US13077,7664
05000US13079,940
05000US13081,1493
05000US13083,1451
05000US13085,1333
05000US13087,2315
05000US13089,43564
05000US13091,2109
05000US13093,1619
05000US13095,7302
05000US13097,6826
05000US13099,1131
05000US13101,448
05000US13103,3637
05000US13105,1593
05000US13107,2228
05000US13109,1204
05000US13111,1754
05000US13113,7657
05000US13115,6667
05000US13117,13052
05000US13119,2026
05000US13121,55833
05000US13123,2029
05000US13125,536
05000US13127,4646
05000US13129,3532
05000US13131,1968
05000US13133,1944
05000US13135,41367
05000US13137,3762
05000US13139,11732
05000US13141,838
05000US13143,1904
05000US13145,2250
05000US13147,1762
05000US13149,1378
05000US13151,9359
05000US13153,7782
05000US13155,753
05000US13157,4910
05000US13159,1208
05000US13161,881
05000US13163,1784
05000US13165,489
05000US13167,1084
05000US13169,1967
05000US13171,1369
05000US13173,592
05000US13175,4471
05000US13177,2100
05000US13179,5059
05000US13181,851
05000US13183,768
05000US13185,8723
05000US13187,1533
05000US13189,1601
05000US13191,644
05000US13193,1511
05000US13195,2394
05000US13197,656
05000US13199,1845
05000US13201,689
05000US13205,2042
05000US13207,1828
05000US13209,1239
05000US13211,1655
05000US13213,2773
05000US13215,14907
05000US13217,5569
05000US13219,3311
05000US13221,1416
05000US13223,7015
05000US13225,1925
05000US13227,2092
05000US13229,1459
05000US13231,1986
05000US13233,2405
05000US13235,948
05000US13237,1170
05000US13239,284
05000US13241,1628
05000US13243,516
05000US13245,13129
05000US13247,5059
05000US13249,622
05000US13251,1546
05000US13253,955
05000US13255,3866
05000US13257,1560
05000US13259,678
05000US13261,2443
05000US13263,781
05000US13265,371
05000US13267,2681
05000US13269,952
05000US13271,1567
05000US13273,1081
05000US13275,3567
05000US13277,2842
05000US13279,1795
05000US13281,1101
05000US13283,582
05000US13285,4946
05000US13287,689
05000US13289,770
05000US13291,1142
05000US13293,2156
05000US13295,4552
05000US13297,5310
05000US13299,2791
05000US13301,698
05000US13303,2362
05000US13305,2462
05000US13307,287
05000US13309,979
05000US13311,1476
05000US13313,6621
05000US13315,1427
05000US13317,981
05000US13319,1347
05000US13321,1798
05000US15001,15534
05000US15003,87403
05000US15005,37
05000US15007,7076
05000US15009,13476
05000US16001,23965
05000US16003,663
05000US16005,7527
05000US16007,1139
05000US16009,1742
05000US16011,3982
05000US16013,1680
05000US16015,905
05000US16017,3501
05000US16019,8878
05000US16021,906
05000US16023,525
05000US16025,201
05000US16027,12493
05000US16029,1123
05000US16031,2598
05000US16033,127
05000US16035,1482
05000US16037,555
05000US16039,2022
05000US16041,1717
05000US16043,1764
05000US16045,1100
05000US16047,1424
05000US16049,2291
05000US16051,2787
05000US16053,1906
05000US16055,9985
05000US16057,4428
05000US16059,874
05000US16061,1359
05000US16063,1142
05000US16065,3163
05000US16067,1906
05000US16069,4183
05000US16071,654
05000US16073,1401
05000US16075,1652
05000US16077,729
05000US16079,1944
05000US16081,851
05000US16083,6297
05000US16085,634
05000US16087,1167
05000US17001,7115
05000US17003,1141
05000US17005,2226
05000US17007,3401
05000US17009,879
05000US17011,6641
05000US17013,1069
05000US17015,2804
05000US17017,2193
05000US17019,18598
05000US17021,4942
05000US17023,1879
05000US17025,1687
05000US17027,5975
05000US17029,4972
05000US17031,380191
05000US17033,2965
05000US17035,1581
05000US17037,9704
05000US17039,2195
05000US17041,2964
05000US17043,74451
05000US17045,2640
05000US17047,1268
05000US17049,4481
05000US17051,2994
05000US17053,2339
05000US17055,5659
05000US17057,5669
05000US17059,1160
05000US17061,2312
05000US17063,5385
05000US17065,917
05000US17067,3423
05000US17069,791
05000US17071,1356
05000US17073,5977
05000US17075,5962
05000US17077,5862
05000US17079,1239
05000US17081,6865
05000US17083,2293
05000US17085,3320
05000US17087,2138
05000US17089,32461
05000US17091,11706
05000US17093,5825
05000US17095,7148
05000US17097,59880
05000US17099,13367
05000US17101,2661
05000US17103,5014
05000US17105,6028
05000US17107,5507
05000US17109,3879
05000US17111,24031
05000US17113,17170
05000US17115,11698
05000US17117,6441
05000US17119,22100
05000US17121,6284
05000US17123,2564
05000US17125,2556
05000US17127,1614
05000US17129,1985
05000US17131,2915
05000US17133,2595
05000US17135,4999
05000US17137,4460
05000US17139,2117
05000US17141,6114
05000US17143,17751
05000US17145,2726
05000US17147,2586
05000US17149,2946
05000US17151,609
05000US17153,1101
05000US17155,1364
05000US17157,4676
05000US17159,1971
05000US17161,14314
05000US17163,19259
05000US17165,2681
05000US17167,19075
05000US17169,973
05000US17171,1282
05000US17173,3359
05000US17175,1397
05000US17177,5617
05000US17179,13835
05000US17181,2396
05000US17183,9575
05000US17185,1642
05000US17187,2263
05000US17189,3072
05000US17191,2690
05000US17193,2143
05000US17195,6801
05000US17197,49101
05000US17199,6599
05000US17201,24354
05000US17203,5476
05000US18001,3301
05000US18003,30466
05000US18005,6387
05000US18007,1687
05000US18009,1511
05000US18011,5079
05000US18013,1371
05000US18015,2535
05000US18017,4261
05000US18019,8224
05000US18021,2694
05000US18023,3582
05000US18025,1477
05000US18027,3378
05000US18029,4051
05000US18031,2544
05000US18033,3986
05000US18035,10528
05000US18037,3386
05000US18039,13802
05000US18041,2179
05000US18043,6641
05000US18045,2379
05000US18047,2308
05000US18049,1967
05000US18051,3872
05000US18053,7045
05000US18055,3444
05000US18057,17215
05000US18059,4744
05000US18061,3185
05000US18063,9923
05000US18065,5902
05000US18067,6799
05000US18069,4454
05000US18071,3885
05000US18073,3154
05000US18075,2680
05000US18077,2938
05000US18079,2015
05000US18081,9644
05000US18083,3932
05000US18085,7972
05000US18087,3730
05000US18089,36206
05000US18091,11265
05000US18093,3576
05000US18095,13094
05000US18097,65067
05000US18099,5168
05000US18101,1147
05000US18103,4391
05000US18105,10460
05000US18107,4596
05000US18109,5763
05000US18111,1953
05000US18113,4494
05000US18115,732
05000US18117,2234
05000US18119,2241
05000US18121,1986
05000US18123,2262
05000US18125,1544
05000US18127,12515
05000US18129,2777
05000US18131,1612
05000US18133,3896
05000US18135,3517
05000US18137,3380
05000US18139,1919
05000US18141,24386
05000US18143,1688
05000US18145,3734
05000US18147,2713
05000US18149,2577
05000US18151,3839
05000US18153,2690
05000US18155,1176
05000US18157,14169
05000US18159,1680
05000US18161,894
05000US18163,14845
05000US18165,2176
05000US18167,9147
05000US18169,3616
05000US18171,1244
05000US18173,4641
05000US18175,2814
05000US18177,7466
05000US18179,2825
05000US18181,3249
05000US18183,3206
05000US19001,1694
05000US19003,1016
05000US19005,2071
05000US19007,2193
05000US19009,1436
05000US19011,4391
05000US19013,12912
05000US19015,3096
05000US19017,3986
05000US19019,3548
05000US19021,3433
05000US19023,3251
05000US19025,2312
05000US19027,3584
05000US19029,2317
05000US19031,3018
05000US19033,4768
05000US19035,2038
05000US19037,2224
05000US19039,1197
05000US19041,2295
05000US19043,3785
05000US19045,5544
05000US19047,2838
05000US19049,6830
05000US19051,1200
05000US19053,1742
05000US19055,2581
05000US19057,4180
05000US19059,2654
05000US19061,11566
05000US19063,1625
05000US19065,3806
05000US19067,2384
05000US19069,1737
05000US19071,1847
05000US19073,1842
05000US19075,2656
05000US19077,2415
05000US19079,2438
05000US19081,2045
05000US19083,3152
05000US19085,3127
05000US19087,2931
05000US19089,1489
05000US19091,2044
05000US19093,1784
05000US19095,2312
05000US19097,3389
05000US19099,5026
05000US19101,1849
05000US19103,11294
05000US19105,2930
05000US19107,2583
05000US19109,3242
05000US19111,4100
05000US19113,18462
05000US19115,2195
05000US19117,1434
05000US19119,2589
05000US19121,2087
05000US19123,3216
05000US19125,3864
05000US19127,4984
05000US19129,2256
05000US19131,1736
05000US19133,1923
05000US19135,909
05000US19137,1886
05000US19139,4245
05000US19141,2471
05000US19143,1267
05000US19145,2621
05000US19147,1945
05000US19149,3731
05000US19151,1788
05000US19153,33716
05000US19155,11104
05000US19157,2842
05000US19159,1356
05000US19161,2507
05000US19163,15716
05000US19165,2454
05000US19167,4795
05000US19169,9716
05000US19171,3628
05000US19173,1825
05000US19175,1754
05000US19177,1774
05000US19179,3919
05000US19181,5757
05000US19183,2995
05000US19185,1565
05000US19187,5089
05000US19189,1800
05000US19191,3464
05000US19193,10034
05000US19195,1711
05000US19197,1945
05000US20001,1967
05000US20003,1113
05000US20005,1870
05000US20007,1141
05000US20009,3072
05000US20011,1781
05000US20013,2538
05000US20015,6645
05000US20017,646
05000US20019,851
05000US20021,2151
05000US20023,593
05000US20025,591
05000US20027,1092
05000US20029,1578
05000US20031,2086
05000US20033,499
05000US20035,4548
05000US20037,4487
05000US20039,533
05000US20041,2816
05000US20043,1822
05000US20045,8047
05000US20047,857
05000US20049,837
05000US20051,2496
05000US20053,1320
05000US20055,3366
05000US20057,2776
05000US20059,2941
05000US20061,2761
05000US20063,1099
05000US20065,621
05000US20067,575
05000US20069,1423
05000US20071,280
05000US20073,1362
05000US20075,421
05000US20077,1232
05000US20079,3422
05000US20081,846
05000US20083,567
05000US20085,2559
05000US20087,2840
05000US20089,840
05000US20091,44632
05000US20093,537
05000US20095,1442
05000US20097,752
05000US20099,2942
05000US20101,417
05000US20103,6499
05000US20105,884
05000US20107,1512
05000US20109,544
05000US20111,3540
05000US20113,3791
05000US20115,2687
05000US20117,2222
05000US20119,1057
05000US20121,2776
05000US20123,972
05000US20125,3930
05000US20127,1095
05000US20129,504
05000US20131,2065
05000US20133,2130
05000US20135,833
05000US20137,805
05000US20139,3146
05000US20141,1057
05000US20143,1425
05000US20145,830
05000US20147,1301
05000US20149,2782
05000US20151,1360
05000US20153,697
05000US20155,6907
05000US20157,1290
05000US20159,1920
05000US20161,6118
05000US20163,1198
05000US20165,963
05000US20167,1011
05000US20169,4818
05000US20171,266
05000US20173,40926
05000US20175,1785
05000US20177,14737
05000US20179,530
05000US20181,471
05000US20183,911
05000US20185,1220
05000US20187,365
05000US20189,670
05000US20191,3583
05000US20193,898
05000US20195,460
05000US20197,1632
05000US20199,442
05000US20201,1787
05000US20203,402
05000US20205,1683
05000US20207,806
05000US20209,14348
05000US21001,1800
05000US21003,1880
05000US21005,1610
05000US21007,1353
05000US21009,3503
05000US21011,1252
05000US21013,2364
05000US21015,7830
05000US21017,1999
05000US21019,4263
05000US21021,2944
05000US21023,1183
05000US21025,1747
05000US21027,2213
05000US21029,6432
05000US21031,1264
05000US21033,1008
05000US21035,3121
05000US21037,8477
05000US21039,942
05000US21041,1205
05000US21043,2409
05000US21045,1406
05000US21047,6426
05000US21049,2960
05000US21051,1846
05000US21053,806
05000US21055,1072
05000US21057,694
05000US21059,8041
05000US21061,1037
05000US21063,769
05000US21065,1299
05000US21067,23349
05000US21069,1410
05000US21071,3027
05000US21073,3466
05000US21075,839
05000US21077,1013
05000US21079,1399
05000US21081,1927
05000US21083,3164
05000US21085,2364
05000US21087,1276
05000US21089,4086
05000US21091,1327
05000US21093,7730
05000US21095,3231
05000US21097,1525
05000US21099,2199
05000US21101,3788
05000US21103,2041
05000US21105,584
05000US21107,4856
05000US21109,861
05000US21111,68788
05000US21113,3625
05000US21115,1719
05000US21117,13035
05000US21119,1615
05000US21121,2180
05000US21123,1302
05000US21125,4333
05000US21127,1499
05000US21129,892
05000US21131,816
05000US21133,1966
05000US21135,1229
05000US21137,1994
05000US21139,1096
05000US21141,2458
05000US21143,1218
05000US21145,4672
05000US21147,1177
05000US21149,1447
05000US21151,6400
05000US21153,1179
05000US21155,2235
05000US21157,2269
05000US21159,1157
05000US21161,1702
05000US21163,2381
05000US21165,715
05000US21167,2007
05000US21169,1110
05000US21171,1296
05000US21173,2131
05000US21175,1812
05000US21177,3056
05000US21179,3321
05000US21181,811
05000US21183,2646
05000US21185,6899
05000US21187,947
05000US21189,446
05000US21191,1179
05000US21193,2151
05000US21195,5721
05000US21197,1017
05000US21199,4810
05000US21201,320
05000US21203,1664
05000US21205,1738
05000US21207,1728
05000US21209,4129
05000US21211,3192
05000US21213,1361
05000US21215,1375
05000US21217,1779
05000US21219,1476
05000US21221,1074
05000US21223,827
05000US21225,1733
05000US21227,8479
05000US21229,1356
05000US21231,1307
05000US21233,1790
05000US21235,2521
05000US21237,620
05000US21239,2249
05000US22001,4168
05000US22003,2624
05000US22005,5871
05000US22007,1698
05000US22009,3716
05000US22011,4847
05000US22013,1901
05000US22015,7372
05000US22017,17372
05000US22019,13217
05000US22021,995
05000US22023,552
05000US22025,1154
05000US22027,1810
05000US22029,1852
05000US22031,2713
05000US22033,26866
05000US22035,743
05000US22037,2232
05000US22039,2912
05000US22041,2116
05000US22043,2312
05000US22045,4711
05000US22047,3299
05000US22049,1831
05000US22051,31775
05000US22053,2648
05000US22055,13128
05000US22057,7475
05000US22059,1453
05000US22061,3925
05000US22063,7048
05000US22065,1489
05000US22067,2273
05000US22069,5151
05000US22071,34208
05000US22073,11549
05000US22075,1588
05000US22077,2025
05000US22079,9818
05000US22081,1013
05000US22083,2032
05000US22085,3536
05000US22087,3840
05000US22089,3713
05000US22091,791
05000US22093,1862
05000US22095,2876
05000US22097,6843
05000US22099,3319
05000US22101,4848
05000US22103,15146
05000US22105,7253
05000US22107,687
05000US22109,6544
05000US22111,2026
05000US22113,4195
05000US22115,8491
05000US22117,3288
05000US22119,3807
05000US22121,1681
05000US22123,1514
05000US22125,1502
05000US22127,1620
05000US23001,9479
05000US23003,13526
05000US23005,23517
05000US23007,4534
05000US23009,8737
05000US23011,11999
05000US23013,5184
05000US23015,4991
05000US23017,8533
05000US23019,18659
05000US23021,3419
05000US23023,3682
05000US23025,6957
05000US23027,7246
05000US23029,8590
05000US23031,15708
05000US24001,7718
05000US24003,36992
05000US24005,63190
05000US24009,6586
05000US24011,3626
05000US24013,14189
05000US24015,7190
05000US24017,10787
05000US24019,3417
05000US24021,19958
05000US24023,3577
05000US24025,18416
05000US24027,20489
05000US24029,2137
05000US24031,77697
05000US24033,66628
05000US24035,4196
05000US24037,7088
05000US24039,2703
05000US24041,3627
05000US24043,12606
05000US24045,7297
05000US24047,3885
05000US24510,46164
05000US25001,16145
05000US25003,14250
05000US25005,40678
05000US25007,1181
05000US25009,56217
05000US25011,10620
05000US25013,35245
05000US25015,14954
05000US25017,116708
05000US25019,1059
05000US25021,50477
05000US25023,36520
05000US25025,54779
05000US25027,61614
05000US26001,3213
05000US26003,1974
05000US26005,12725
05000US26007,4442
05000US26009,5181
05000US26011,4496
05000US26013,2049
05000US26015,6799
05000US26017,10631
05000US26019,3791
05000US26021,18065
05000US26023,7583
05000US26025,15518
05000US26027,6417
05000US26029,5564
05000US26031,5351
05000US26033,6793
05000US26035,5616
05000US26037,9831
05000US26039,2330
05000US26041,5549
05000US26043,3158
05000US26045,12295
05000US26047,6114
05000US26049,35500
05000US26051,5703
05000US26053,2898
05000US26055,7542
05000US26057,8306
05000US26059,9145
05000US26061,6257
05000US26063,9275
05000US26065,26515
05000US26067,9589
05000US26069,4626
05000US26071,2798
05000US26073,11387
05000US26075,15699
05000US26077,22541
05000US26079,3666
05000US26081,48225
05000US26083,653
05000US26085,2984
05000US26087,10656
05000US26089,4027
05000US26091,13499
05000US26093,19265
05000US26095,1464
05000US26097,2508
05000US26099,69274
05000US26101,5489
05000US26103,9468
05000US26105,5691
05000US26107,7139
05000US26109,5143
05000US26111,10164
05000US26113,4353
05000US26115,14577
05000US26117,9910
05000US26119,2001
05000US26121,17916
05000US26123,9462
05000US26125,109258
05000US26127,6242
05000US26129,4818
05000US26131,2004
05000US26133,6233
05000US26135,1762
05000US26137,3496
05000US26139,21925
05000US26141,4139
05000US26143,3429
05000US26145,21598
05000US26147,17634
05000US26149,8656
05000US26151,10101
05000US26153,1830
05000US26155,9523
05000US26157,9902
05000US26159,9487
05000US26161,33094
05000US26163,147892
05000US26165,5809
05000US27001,5375
05000US27003,30475
05000US27005,9520
05000US27007,8367
05000US27009,6284
05000US27011,1799
05000US27013,11191
05000US27015,5484
05000US27017,7498
05000US27019,11183
05000US27021,10181
05000US27023,3271
05000US27025,7787
05000US27027,9597
05000US27029,3792
05000US27031,1151
05000US27033,3265
05000US27035,11811
05000US27037,37874
05000US27039,4913
05000US27041,7387
05000US27043,4821
05000US27045,7458
05000US27047,7755
05000US27049,9329
05000US27051,2503
05000US27053,101896
05000US27055,5502
05000US27057,6278
05000US27059,6115
05000US27061,9823
05000US27063,3434
05000US27065,4516
05000US27067,9710
05000US27069,1801
05000US27071,1872
05000US27073,3076
05000US27075,1807
05000US27077,536
05000US27079,6669
05000US27081,2479
05000US27083,5993
05000US27085,6833
05000US27087,2356
05000US27089,4168
05000US27091,5325
05000US27093,6818
05000US27095,6443
05000US27097,10319
05000US27099,8084
05000US27101,3664
05000US27103,5736
05000US27105,5216
05000US27107,2748
05000US27109,17271
05000US27111,17346
05000US27113,3021
05000US27115,8249
05000US27117,2935
05000US27119,8511
05000US27121,4057
05000US27123,44885
05000US27125,1729
05000US27127,5547
05000US27129,5479
05000US27131,9717
05000US27133,2885
05000US27135,4768
05000US27137,31685
05000US27139,12546
05000US27141,7436
05000US27143,5001
05000US27145,23423
05000US27147,6033
05000US27149,2676
05000US27151,3347
05000US27153,8301
05000US27155,1273
05000US27157,5761
05000US27159,3891
05000US27161,4175
05000US27163,23153
05000US27165,2762
05000US27167,1826
05000US27169,9217
05000US27171,14841
05000US27173,3958
05000US28001,2412
05000US28003,2690
05000US28005,984
05000US28007,1697
05000US28009,774
05000US28011,3877
05000US28013,1854
05000US28015,689
05000US28017,1559
05000US28019,986
05000US28021,896
05000US28023,1644
05000US28025,1666
05000US28027,2476
05000US28029,2293
05000US28031,1264
05000US28033,10302
05000US28035,4892
05000US28037,846
05000US28039,1411
05000US28041,1477
05000US28043,1152
05000US28045,2222
05000US28047,11979
05000US28049,17029
05000US28051,2404
05000US28053,1097
05000US28055,236
05000US28057,2146
05000US28059,8034
05000US28061,1412
05000US28063,490
05000US28065,891
05000US28067,4176
05000US28069,847
05000US28071,3251
05000US28073,3256
05000US28075,5543
05000US28077,1360
05000US28079,1819
05000US28081,5823
05000US28083,2749
05000US28085,1938
05000US28087,4406
05000US28089,6753
05000US28091,1946
05000US28093,2229
05000US28095,2908
05000US28097,918
05000US28099,2412
05000US28101,2093
05000US28103,964
05000US28105,3181
05000US28107,2249
05000US28109,3005
05000US28111,1132
05000US28113,3032
05000US28115,2281
05000US28117,1711
05000US28119,1191
05000US28121,9185
05000US28123,2019
05000US28125,624
05000US28127,1894
05000US28129,1545
05000US28131,963
05000US28133,3321
05000US28135,1660
05000US28137,1925
05000US28139,1789
05000US28141,1715
05000US28143,740
05000US28145,2145
05000US28147,922
05000US28149,3296
05000US28151,4455
05000US28153,1104
05000US28155,1283
05000US28157,852
05000US28159,1608
05000US28161,1086
05000US28163,2212
05000US29001,2811
05000US29003,2318
05000US29005,1497
05000US29007,2981
05000US29009,3324
05000US29011,1850
05000US29013,2954
05000US29015,2171
05000US29017,1474
05000US29019,11850
05000US29021,8317
05000US29023,3163
05000US29025,2277
05000US29027,3766
05000US29029,3912
05000US29031,6657
05000US29033,1940
05000US29035,669
05000US29037,9205
05000US29039,1219
05000US29041,1692
05000US29043,6810
05000US29045,1350
05000US29047,16588
05000US29049,2558
05000US29051,7125
05000US29053,3378
05000US29055,2223
05000US29057,1609
05000US29059,1225
05000US29061,2046
05000US29063,2364
05000US29065,1796
05000US29067,1328
05000US29069,3784
05000US29071,7955
05000US29073,2152
05000US29075,1572
05000US29077,21071
05000US29079,1843
05000US29081,1984
05000US29083,3176
05000US29085,1154
05000US29087,1491
05000US29089,1636
05000US29091,4019
05000US29093,1834
05000US29095,53480
05000US29097,10645
05000US29099,15848
05000US29101,5375
05000US29103,947
05000US29105,2755
05000US29107,3596
05000US29109,3473
05000US29111,1816
05000US29113,4225
05000US29115,2320
05000US29117,2139
05000US29119,2277
05000US29121,2703
05000US29123,1350
05000US29125,1004
05000US29127,2965
05000US29129,814
05000US29131,2514
05000US29133,1723
05000US29135,2559
05000US29137,1735
05000US29139,2161
05000US29141,2111
05000US29143,2452
05000US29145,6256
05000US29147,3973
05000US29149,1350
05000US29151,2132
05000US29153,1514
05000US29155,2570
05000US29157,2152
05000US29159,5043
05000US29161,3998
05000US29163,2746
05000US29165,8682
05000US29167,3113
05000US29169,4071
05000US29171,669
05000US29173,1404
05000US29175,3149
05000US29177,3266
05000US29179,1166
05000US29181,1510
05000US29183,29137
05000US29185,1622
05000US29186,1656
05000US29187,5629
05000US29189,76676
05000US29195,3477
05000US29197,1050
05000US29199,874
05000US29201,4104
05000US29203,1078
05000US29205,1411
05000US29207,3638
05000US29209,3418
05000US29211,1471
05000US29213,4722
05000US29215,2691
05000US29217,2576
05000US29219,2591
05000US29221,2553
05000US29223,1392
05000US29225,3819
05000US29227,544
05000US29229,2053
05000US29510,25238
05000US30001,1333
05000US30003,2138
05000US30005,1485
05000US30007,607
05000US30009,1804
05000US30011,406
05000US30013,7991
05000US30015,1656
05000US30017,2008
05000US30019,402
05000US30021,1486
05000US30023,994
05000US30025,556
05000US30027,1644
05000US30029,7985
05000US30031,9172
05000US30033,383
05000US30035,1514
05000US30037,326
05000US30039,701
05000US30041,2327
05000US30043,1721
05000US30045,690
05000US30047,3805
05000US30049,5611
05000US30051,429
05000US30053,1789
05000US30055,466
05000US30057,1343
05000US30059,465
05000US30061,534
05000US30063,8075
05000US30065,686
05000US30067,1636
05000US30069,159
05000US30071,784
05000US30073,1388
05000US30075,397
05000US30077,1354
05000US30079,275
05000US30081,3531
05000US30083,1445
05000US30085,2030
05000US30087,1566
05000US30089,1961
05000US30091,840
05000US30093,3143
05000US30095,1633
05000US30097,845
05000US30099,1548
05000US30101,881
05000US30103,277
05000US30105,1480
05000US30107,379
05000US30109,264
05000US30111,13152
05000US31001,3782
05000US31003,1893
05000US31005,253
05000US31007,213
05000US31009,203
05000US31011,1384
05000US31013,1115
05000US31015,807
05000US31017,521
05000US31019,5830
05000US31021,1665
05000US31023,1932
05000US31025,4131
05000US31027,2253
05000US31029,661
05000US31031,876
05000US31033,1583
05000US31035,1915
05000US31037,1619
05000US31039,1625
05000US31041,2581
05000US31043,2249
05000US31045,1074
05000US31047,2880
05000US31049,568
05000US31051,1904
05000US31053,4280
05000US31055,48034
05000US31057,495
05000US31059,1552
05000US31061,1045
05000US31063,866
05000US31065,1232
05000US31067,3673
05000US31069,446
05000US31071,384
05000US31073,476
05000US31075,245
05000US31077,820
05000US31079,5416
05000US31081,1852
05000US31083,894
05000US31085,309
05000US31087,834
05000US31089,2083
05000US31091,218
05000US31093,1337
05000US31095,1432
05000US31097,1205
05000US31099,1128
05000US31101,1246
05000US31103,285
05000US31105,686
05000US31107,2688
05000US31109,26056
05000US31111,4181
05000US31113,294
05000US31115,237
05000US31117,139
05000US31119,3988
05000US31121,1461
05000US31123,982
05000US31125,830
05000US31127,1330
05000US31129,1044
05000US31131,2381
05000US31133,762
05000US31135,696
05000US31137,1640
05000US31139,1740
05000US31141,3664
05000US31143,1534
05000US31145,1159
05000US31147,1413
05000US31149,443
05000US31151,2292
05000US31153,14883
05000US31155,3928
05000US31157,4087
05000US31159,3045
05000US31161,1083
05000US31163,837
05000US31165,341
05000US31167,1145
05000US31169,1586
05000US31171,261
05000US31173,2185
05000US31175,903
05000US31177,2516
05000US31179,1442
05000US31181,1064
05000US31183,281
05000US31185,2161
05000US32001,1938
05000US32003,129301
05000US32005,4604
05000US32007,3933
05000US32009,177
05000US32011,185
05000US32013,1251
05000US32015,473
05000US32017,389
05000US32019,3293
05000US32021,589
05000US32023,2433
05000US32027,1056
05000US32029,334
05000US32031,29109
05000US32033,1196
05000US32510,4167
05000US33001,5045
05000US33003,4818
05000US33005,8639
05000US33007,5556
05000US33009,11974
05000US33011,31898
05000US33013,14763
05000US33015,23563
05000US33017,9908
05000US33019,5029
05000US34001,21714
05000US34003,65991
05000US34005,39328
05000US34007,41163
05000US34009,9094
05000US34011,14420
05000US34013,59159
05000US34015,24261
05000US34017,44506
05000US34019,12475
05000US34021,26459
05000US34023,64704
05000US34025,50419
05000US34027,38942
05000US34029,44564
05000US34031,32866
05000US34033,7424
05000US34035,24456
05000US34037,14204
05000US34039,37896
05000US34041,10843
05000US35001,44193
05000US35003,287
05000US35005,5133
05000US35006,2675
05000US35007,1405
05000US35009,3782
05000US35011,277
05000US35013,12464
05000US35015,3525
05000US35017,2232
05000US35019,473
05000US35021,251
05000US35023,618
05000US35025,4797
05000US35027,1477
05000US35028,1390
05000US35029,1773
05000US35031,9963
05000US35033,281
05000US35035,4659
05000US35037,915
05000US35039,5114
05000US35041,1812
05000US35043,13319
05000US35045,12186
05000US35047,1857
05000US35049,14951
05000US35051,812
05000US35053,1209
05000US35055,3026
05000US35057,1388
05000US35059,655
05000US35061,5208
05000US36001,23858
05000US36003,10495
05000US36005,88730
05000US36007,18218
05000US36009,14481
05000US36011,12220
05000US36013,16975
05000US36015,9099
05000US36017,7771
05000US36019,8668
05000US36021,7506
05000US36023,7063
05000US36025,6683
05000US36027,25530
05000US36029,72586
05000US36031,5273
05000US36033,7573
05000US36035,5862
05000US36037,7652
05000US36039,4779
05000US36041,1200
05000US36043,9305
05000US36045,14263
05000US36047,197565
05000US36049,5343
05000US36051,8296
05000US36053,8721
05000US36055,59010
05000US36057,6735
05000US36059,112731
05000US36061,81709
05000US36063,18183
05000US36065,24375
05000US36067,44649
05000US36069,11026
05000US36071,29088
05000US36073,4913
05000US36075,13158
05000US36077,9795
05000US36079,8083
05000US36081,169975
05000US36083,14091
05000US36085,33690
05000US36087,26482
05000US36089,15405
05000US36091,18705
05000US36093,12751
05000US36095,5547
05000US36097,3196
05000US36099,5900
05000US36101,15880
05000US36103,115968
05000US36105,7687
05000US36107,5353
05000US36109,9204
05000US36111,15287
05000US36113,6644
05000US36115,7742
05000US36117,9378
05000US36119,72715
05000US36121,6379
05000US36123,4014
05000US37001,13030
05000US37003,2505
05000US37005,1064
05000US37007,2363
05000US37009,2242
05000US37011,2135
05000US37013,3990
05000US37015,1938
05000US37017,2496
05000US37019,8573
05000US37021,16313
05000US37023,7310
05000US37025,11414
05000US37027,5699
05000US37029,790
05000US37031,7128
05000US37033,2195
05000US37035,10728
05000US37037,4131
05000US37039,2110
05000US37041,880
05000US37043,674
05000US37045,7915
05000US37047,5186
05000US37049,7198
05000US37051,25070
05000US37053,1762
05000US37055,2823
05000US37057,10406
05000US37059,2890
05000US37061,4406
05000US37063,17919
05000US37065,4495
05000US37067,27174
05000US37069,4229
05000US37071,16978
05000US37073,1100
05000US37075,777
05000US37077,4238
05000US37079,2092
05000US37081,36190
05000US37083,4737
05000US37085,13747
05000US37087,4484
05000US37089,7214
05000US37091,4248
05000US37093,3033
05000US37095,297
05000US37097,11804
05000US37099,3138
05000US37101,9927
05000US37103,1221
05000US37105,4014
05000US37107,4045
05000US37109,5520
05000US37111,3127
05000US37113,2763
05000US37115,1847
05000US37117,2194
05000US37119,63931
05000US37121,1331
05000US37123,2612
05000US37125,6285
05000US37127,6932
05000US37129,13100
05000US37131,2257
05000US37133,12491
05000US37135,11217
05000US37137,1896
05000US37139,2945
05000US37141,3901
05000US37143,1149
05000US37145,3339
05000US37147,10550
05000US37149,1764
05000US37151,9966
05000US37153,3568
05000US37155,12513
05000US37157,7208
05000US37159,10354
05000US37161,4863
05000US37163,6755
05000US37165,3356
05000US37167,6107
05000US37169,3137
05000US37171,6592
05000US37173,1124
05000US37175,2056
05000US37177,519
05000US37179,14786
05000US37181,2904
05000US37183,60144
05000US37185,1938
05000US37187,927
05000US37189,4596
05000US37191,9592
05000US37193,4664
05000US37195,6405
05000US37197,3185
05000US37199,1574
05000US38001,573
05000US38003,1868
05000US38005,2049
05000US38007,245
05000US38009,1508
05000US38011,812
05000US38013,749
05000US38015,8513
05000US38017,14122
05000US38019,968
05000US38021,1038
05000US38023,446
05000US38025,977
05000US38027,665
05000US38029,1051
05000US38031,735
05000US38033,396
05000US38035,8242
05000US38037,916
05000US38039,606
05000US38041,835
05000US38043,755
05000US38045,1398
05000US38047,696
05000US38049,1512
05000US38051,932
05000US38053,1329
05000US38055,2572
05000US38057,1338
05000US38059,2988
05000US38061,1582
05000US38063,983
05000US38065,435
05000US38067,2027
05000US38069,624
05000US38071,1552
05000US38073,1113
05000US38075,711
05000US38077,3511
05000US38079,2078
05000US38081,1292
05000US38083,535
05000US38085,1289
05000US38087,274
05000US38089,3295
05000US38091,551
05000US38093,2913
05000US38095,695
05000US38097,2011
05000US38099,2506
05000US38101,6827
05000US38103,1011
05000US38105,2568
05000US39001,2881
05000US39003,10477
05000US39005,5322
05000US39007,9556
05000US39009,6677
05000US39011,5614
05000US39013,7505
05000US39015,4062
05000US39017,27499
05000US39019,2699
05000US39021,4134
05000US39023,13708
05000US39025,15082
05000US39027,4065
05000US39029,9573
05000US39031,3901
05000US39033,4268
05000US39035,114386
05000US39037,6923
05000US39039,3731
05000US39041,14547
05000US39043,6489
05000US39045,12376
05000US39047,3055
05000US39049,86464
05000US39051,4396
05000US39053,2754
05000US39055,8507
05000US39057,13469
05000US39059,4400
05000US39061,63971
05000US39063,6714
05000US39065,3948
05000US39067,2545
05000US39069,3645
05000US39071,3918
05000US39073,2834
05000US39075,3873
05000US39077,6075
05000US39079,2551
05000US39081,8051
05000US39083,5533
05000US39085,19642
05000US39087,4805
05000US39089,13379
05000US39091,5162
05000US39093,25592
05000US39095,35549
05000US39097,4497
05000US39099,21387
05000US39101,6570
05000US39103,15349
05000US39105,2714
05000US39107,4569
05000US39109,8589
05000US39111,2136
05000US39113,43623
05000US39115,1978
05000US39117,2783
05000US39119,8026
05000US39121,1771
05000US39123,4731
05000US39125,2789
05000US39127,3678
05000US39129,5557
05000US39131,2250
05000US39133,13126
05000US39135,5434
05000US39137,5288
05000US39139,10261
05000US39141,6935
05000US39143,5953
05000US39145,6594
05000US39147,6674
05000US39149,5997
05000US39151,31020
05000US39153,42088
05000US39155,18115
05000US39157,9244
05000US39159,4575
05000US39161,3605
05000US39163,1469
05000US39165,15004
05000US39167,5941
05000US39169,12845
05000US39171,4618
05000US39173,12670
05000US39175,2740
05000US40001,4422
05000US40003,1508
05000US40005,3397
05000US40007,1134
05000US40009,1753
05000US40011,1895
05000US40013,5666
05000US40015,5542
05000US40017,10817
05000US40019,5362
05000US40021,5646
05000US40023,2709
05000US40025,596
05000US40027,20374
05000US40029,1462
05000US40031,11401
05000US40033,1011
05000US40035,2806
05000US40037,9456
05000US40039,2555
05000US40041,6519
05000US40043,1157
05000US40045,1040
05000US40047,6089
05000US40049,4349
05000US40051,7128
05000US40053,1165
05000US40055,801
05000US40057,555
05000US40059,628
05000US40061,2676
05000US40063,3040
05000US40065,2969
05000US40067,1585
05000US40069,2420
05000US40071,8666
05000US40073,1742
05000US40075,1512
05000US40077,1980
05000US40079,8603
05000US40081,5956
05000US40083,4084
05000US40085,1600
05000US40087,3927
05000US40089,5576
05000US40091,2715
05000US40093,1504
05000US40095,2039
05000US40097,5523
05000US40099,1516
05000US40101,8546
05000US40103,1853
05000US40105,1923
05000US40107,2673
05000US40109,62426
05000US40111,5633
05000US40113,6746
05000US40115,9400
05000US40117,3257
05000US40119,7239
05000US40121,7448
05000US40123,5449
05000US40125,10450
05000US40127,2569
05000US40129,884
05000US40131,11302
05000US40133,5302
05000US40135,5371
05000US40137,5319
05000US40139,2522
05000US40141,1310
05000US40143,63773
05000US40145,8508
05000US40147,5474
05000US40149,2213
05000US40151,1247
05000US40153,2078
05000US41001,2266
05000US41003,7331
05000US41005,27209
05000US41007,3526
05000US41009,4283
05000US41011,4692
05000US41013,1466
05000US41015,1450
05000US41017,8818
05000US41019,8392
05000US41021,456
05000US41023,1485
05000US41025,1125
05000US41027,1639
05000US41029,13532
05000US41031,2205
05000US41033,5277
05000US41035,5680
05000US41037,956
05000US41039,28653
05000US41041,4719
05000US41043,9138
05000US41045,4053
05000US41047,23426
05000US41049,1409
05000US41051,56981
05000US41053,5562
05000US41055,670
05000US41057,2665
05000US41059,7025
05000US41061,3634
05000US41063,1149
05000US41065,2988
05000US41067,37626
05000US41069,497
05000US41071,8059
05000US42001,13457
05000US42003,114890
05000US42005,12538
05000US42007,19513
05000US42009,10782
05000US42011,39139
05000US42013,13825
05000US42015,12240
05000US42017,53235
05000US42019,23644
05000US42021,23082
05000US42023,1179
05000US42025,5943
05000US42027,16205
05000US42029,46832
05000US42031,9214
05000US42033,14075
05000US42035,8147
05000US42037,11327
05000US42039,17364
05000US42041,22233
05000US42043,23958
05000US42045,50048
05000US42047,4018
05000US42049,28801
05000US42051,15365
05000US42053,1693
05000US42055,12132
05000US42057,3985
05000US42059,6930
05000US42061,11555
05000US42063,13392
05000US42065,10159
05000US42067,4968
05000US42069,22618
05000US42071,42409
05000US42073,11835
05000US42075,12737
05000US42077,27220
05000US42079,35545
05000US42081,18274
05000US42083,7663
05000US42085,17631
05000US42087,5621
05000US42089,9329
05000US42091,74109
05000US42093,3414
05000US42095,26332
05000US42097,13185
05000US42099,9291
05000US42101,96976
05000US42103,5047
05000US42105,5318
05000US42107,21689
05000US42109,7646
05000US42111,14401
05000US42113,1815
05000US42115,9719
05000US42117,9857
05000US42119,5773
05000US42121,10271
05000US42123,7844
05000US42125,25163
05000US42127,8214
05000US42129,37285
05000US42131,6132
05000US42133,38845
05000US44001,4419
05000US44003,12195
05000US44005,6728
05000US44007,45817
05000US44009,10103
05000US45001,2263
05000US45003,10888
05000US45005,839
05000US45007,12533
05000US45009,1198
05000US45011,1922
05000US45013,10830
05000US45015,12586
05000US45017,1231
05000US45019,25352
05000US45021,3977
05000US45023,3106
05000US45025,3722
05000US45027,3351
05000US45029,2749
05000US45031,4950
05000US45033,2771
05000US45035,9035
05000US45037,2210
05000US45039,1581
05000US45041,10660
05000US45043,3970
05000US45045,33502
05000US45047,4831
05000US45049,2030
05000US45051,18522
05000US45053,1485
05000US45055,4474
05000US45057,5246
05000US45059,5069
05000US45061,1776
05000US45063,21055
05000US45065,1200
05000US45067,2128
05000US45069,2907
05000US45071,3070
05000US45073,5279
05000US45075,7741
05000US45077,9576
05000US45079,28130
05000US45081,1596
05000US45083,20971
05000US45085,7531
05000US45087,2798
05000US45089,2908
05000US45091,15850
05000US46003,928
05000US46005,2103
05000US46007,687
05000US46009,1800
05000US46011,3624
05000US46013,4022
05000US46015,1026
05000US46017,486
05000US46019,861
05000US46021,443
05000US46023,2076
05000US46025,959
05000US46027,1543
05000US46029,2942
05000US46031,1322
05000US46033,1073
05000US46035,1791
05000US46037,1236
05000US46039,1099
05000US46041,1286
05000US46043,876
05000US46045,924
05000US46047,884
05000US46049,587
05000US46051,1143
05000US46053,1209
05000US46055,463
05000US46057,1598
05000US46059,809
05000US46061,924
05000US46063,411
05000US46065,1554
05000US46067,1673
05000US46069,379
05000US46071,534
05000US46073,476
05000US46075,217
05000US46077,1471
05000US46079,1534
05000US46081,2279
05000US46083,4250
05000US46085,1029
05000US46087,1533
05000US46089,528
05000US46091,996
05000US46093,2332
05000US46095,469
05000US46097,572
05000US46099,15446
05000US46101,1405
05000US46103,8277
05000US46105,854
05000US46107,722
05000US46109,2247
05000US46111,660
05000US46113,1389
05000US46115,1649
05000US46117,368
05000US46119,403
05000US46121,1385
05000US46123,766
05000US46125,2375
05000US46127,2204
05000US46129,856
05000US46135,2211
05000US46137,900
05000US47001,5853
05000US47003,3142
05000US47005,1701
05000US47007,1329
05000US47009,8888
05000US47011,6400
05000US47013,3387
05000US47015,1370
05000US47017,3139
05000US47019,5255
05000US47021,3182
05000US47023,1309
05000US47025,2756
05000US47027,705
05000US47029,2481
05000US47031,3543
05000US47033,1932
05000US47035,4221
05000US47037,46045
05000US47039,1357
05000US47041,1741
05000US47043,3849
05000US47045,2600
05000US47047,3877
05000US47049,1549
05000US47051,3652
05000US47053,4366
05000US47055,2998
05000US47057,2273
05000US47059,5393
05000US47061,1980
05000US47063,3863
05000US47065,24729
05000US47067,783
05000US47069,2855
05000US47071,2260
05000US47073,4278
05000US47075,1477
05000US47077,2197
05000US47079,2874
05000US47081,1901
05000US47083,1218
05000US47085,1940
05000US47087,1285
05000US47089,4179
05000US47091,1569
05000US47093,31212
05000US47095,1319
05000US47097,2809
05000US47099,4312
05000US47101,768
05000US47103,2787
05000US47105,3630
05000US47107,3705
05000US47109,3195
05000US47111,1587
05000US47113,7973
05000US47115,2824
05000US47117,2665
05000US47119,5362
05000US47121,1167
05000US47123,3063
05000US47125,11753
05000US47127,587
05000US47129,2564
05000US47131,3927
05000US47133,1955
05000US47135,1012
05000US47137,566
05000US47139,1773
05000US47141,5683
05000US47143,2230
05000US47145,3418
05000US47147,5540
05000US47149,16237
05000US47151,1808
05000US47153,1006
05000US47155,5180
05000US47157,59830
05000US47159,2243
05000US47161,1334
05000US47163,12378
05000US47165,11853
05000US47167,4856
05000US47169,577
05000US47171,1330
05000US47173,1820
05000US47175,816
05000US47177,3274
05000US47179,7588
05000US47181,1980
05000US47183,3558
05000US47185,2114
05000US47187,13373
05000US47189,7901
05000US48001,5373
05000US48003,1091
05000US48005,5706
05000US48007,1427
05000US48009,1609
05000US48011,362
05000US48013,2743
05000US48015,2226
05000US48017,351
05000US48019,1426
05000US48021,3787
05000US48023,312
05000US48025,3040
05000US48027,19674
05000US48029,112984
05000US48031,985
05000US48033,182
05000US48035,2789
05000US48037,7276
05000US48039,20340
05000US48041,13138
05000US48043,835
05000US48045,411
05000US48047,505
05000US48049,4019
05000US48051,1394
05000US48053,2888
05000US48055,3106
05000US48057,1548
05000US48059,1527
05000US48061,27607
05000US48063,964
05000US48065,918
05000US48067,3025
05000US48069,983
05000US48071,2303
05000US48073,4333
05000US48075,586
05000US48077,1768
05000US48079,708
05000US48081,561
05000US48083,1024
05000US48085,52685
05000US48087,500
05000US48089,1546
05000US48091,6967
05000US48093,1576
05000US48095,654
05000US48097,4057
05000US48099,7078
05000US48101,320
05000US48103,547
05000US48105,222
05000US48107,1198
05000US48109,292
05000US48111,716
05000US48113,157093
05000US48115,1423
05000US48117,1578
05000US48119,736
05000US48121,47338
05000US48123,2180
05000US48125,524
05000US48127,586
05000US48129,692
05000US48131,956
05000US48133,1569
05000US48135,8890
05000US48137,213
05000US48139,11299
05000US48141,51825
05000US48143,3210
05000US48145,2116
05000US48147,4634
05000US48149,2410
05000US48151,800
05000US48153,781
05000US48155,197
05000US48157,32244
05000US48159,787
05000US48161,1953
05000US48163,1231
05000US48165,1172
05000US48167,19738
05000US48169,734
05000US48171,1798
05000US48173,223
05000US48175,764
05000US48177,1943
05000US48179,2367
05000US48181,10423
05000US48183,8412
05000US48185,2348
05000US48187,9921
05000US48189,3536
05000US48191,543
05000US48193,922
05000US48195,791
05000US48197,500
05000US48199,4199
05000US48201,233708
05000US48203,4459
05000US48205,824
05000US48207,940
05000US48209,10773
05000US48211,487
05000US48213,7380
05000US48215,40844
05000US48217,5168
05000US48219,2904
05000US48221,3554
05000US48223,3860
05000US48225,2348
05000US48227,3584
05000US48229,493
05000US48231,7551
05000US48233,2172
05000US48235,279
05000US48237,1105
05000US48239,1321
05000US48241,2522
05000US48243,309
05000US48245,19027
05000US48247,374
05000US48249,2476
05000US48251,10714
05000US48253,2560
05000US48255,1858
05000US48257,8532
05000US48259,1990
05000US48261,88
05000US48263,278
05000US48265,3460
05000US48267,433
05000US48269,99
05000US48271,364
05000US48273,1963
05000US48275,796
05000US48277,4445
05000US48279,1720
05000US48281,1712
05000US48283,471
05000US48285,2569
05000US48287,1440
05000US48289,1697
05000US48291,5541
05000US48293,2531
05000US48295,1006
05000US48297,1108
05000US48299,1554
05000US48301,22
05000US48303,19857
05000US48305,1087
05000US48307,771
05000US48309,18859
05000US48311,86
05000US48313,1558
05000US48315,882
05000US48317,564
05000US48319,376
05000US48321,2180
05000US48323,3368
05000US48325,3426
05000US48327,294
05000US48329,8473
05000US48331,2437
05000US48333,910
05000US48335,1113
05000US48337,2179
05000US48339,24776
05000US48341,1648
05000US48343,1313
05000US48345,256
05000US48347,5772
05000US48349,5393
05000US48351,1004
05000US48353,1675
05000US48355,22402
05000US48357,867
05000US48359,461
05000US48361,6167
05000US48363,2688
05000US48365,2048
05000US48367,9238
05000US48369,1262
05000US48371,1501
05000US48373,3963
05000US48375,10009
05000US48377,425
05000US48379,1217
05000US48381,9878
05000US48383,385
05000US48385,403
05000US48387,1620
05000US48389,1478
05000US48391,1078
05000US48393,231
05000US48395,1509
05000US48397,4693
05000US48399,1203
05000US48401,5268
05000US48403,881
05000US48405,638
05000US48407,1500
05000US48409,5432
05000US48411,739
05000US48413,364
05000US48415,1511
05000US48417,558
05000US48419,2211
05000US48421,624
05000US48423,14104
05000US48425,587
05000US48427,4100
05000US48429,924
05000US48431,212
05000US48433,288
05000US48435,421
05000US48437,994
05000US48439,115861
05000US48441,10818
05000US48443,109
05000US48445,1170
05000US48447,397
05000US48449,3020
05000US48451,7931
05000US48453,69275
05000US48455,1261
05000US48457,2115
05000US48459,3251
05000US48461,615
05000US48463,1703
05000US48465,3138
05000US48467,4786
05000US48469,6510
05000US48471,5643
05000US48473,3183
05000US48475,1333
05000US48477,2134
05000US48479,17826
05000US48481,2819
05000US48483,973
05000US48485,10881
05000US48487,1177
05000US48489,2106
05000US48491,28465
05000US48493,3751
05000US48495,881
05000US48497,5407
05000US48499,3543
05000US48501,613
05000US48503,1325
05000US48505,695
05000US48507,808
05000US49001,789
05000US49003,6908
05000US49005,13277
05000US49007,2489
05000US49009,172
05000US49011,23886
05000US49013,3386
05000US49015,1884
05000US49017,1229
05000US49019,595
05000US49021,3275
05000US49023,1640
05000US49025,928
05000US49027,2128
05000US49029,1045
05000US49031,467
05000US49033,574
05000US49035,79791
05000US49037,2278
05000US49039,4148
05000US49041,3179
05000US49043,4036
05000US49045,4588
05000US49047,3069
05000US49049,50581
05000US49051,2258
05000US49053,9744
05000US49055,594
05000US49057,18631
05000US50001,7978
05000US50003,5449
05000US50005,5260
05000US50007,15348
05000US50009,1880
05000US50011,5864
05000US50013,1646
05000US50015,3550
05000US50017,5463
05000US50019,5979
05000US50021,9157
05000US50023,8606
05000US50025,6844
05000US50027,7155
05000US51001,3329
05000US51003,8017
05000US51005,1682
05000US51007,754
05000US51009,2811
05000US51011,1401
05000US51013,14825
05000US51015,5298
05000US51017,215
05000US51019,5424
05000US51021,706
05000US51023,2916
05000US51025,1779
05000US51027,1981
05000US51029,1698
05000US51031,3828
05000US51033,2344
05000US51035,1961
05000US51036,1727
05000US51037,1365
05000US51041,23260
05000US51043,1230
05000US51045,314
05000US51047,3269
05000US51049,608
05000US51051,1662
05000US51053,2011
05000US51057,912
05000US51059,84079
05000US51061,5644
05000US51063,953
05000US51065,1770
05000US51067,3522
05000US51069,5640
05000US51071,1900
05000US51073,2435
05000US51075,1829
05000US51077,1656
05000US51079,1246
05000US51081,1309
05000US51083,2997
05000US51085,8231
05000US51087,21164
05000US51089,4237
05000US51091,317
05000US51093,2821
05000US51095,4122
05000US51097,541
05000US51099,1856
05000US51101,1347
05000US51103,1321
05000US51105,2051
05000US51107,24745
05000US51109,2426
05000US51111,1665
05000US51113,807
05000US51115,520
05000US51117,3155
05000US51119,967
05000US51121,6058
05000US51125,876
05000US51127,1339
05000US51131,1344
05000US51133,917
05000US51135,1358
05000US51137,2175
05000US51139,2062
05000US51141,1402
05000US51143,5685
05000US51145,2421
05000US51147,1807
05000US51149,2598
05000US51153,29204
05000US51155,2720
05000US51157,650
05000US51159,1005
05000US51161,6662
05000US51163,1706
05000US51165,7388
05000US51167,1996
05000US51169,2449
05000US51171,3632
05000US51173,3011
05000US51175,2258
05000US51177,9275
05000US51179,10138
05000US51181,794
05000US51183,1751
05000US51185,3597
05000US51187,2704
05000US51191,4557
05000US51193,1228
05000US51195,3852
05000US51197,2127
05000US51199,4654
05000US51510,10239
05000US51520,1197
05000US51530,434
05000US51540,3879
05000US51550,15566
05000US51570,1460
05000US51580,451
05000US51590,3866
05000US51595,508
05000US51600,1975
05000US51610,1065
05000US51620,551
05000US51630,1819
05000US51640,523
05000US51650,9380
05000US51660,4002
05000US51670,1365
05000US51678,684
05000US51680,6595
05000US51683,2390
05000US51685,838
05000US51690,1155
05000US51700,12635
05000US51710,21360
05000US51720,314
05000US51730,2505
05000US51735,959
05000US51740,7787
05000US51750,1118
05000US51760,16438
05000US51770,6459
05000US51775,1987
05000US51790,1916
05000US51800,7039
05000US51810,33935
05000US51820,1391
05000US51830,1659
05000US51840,1744
05000US53001,2059
05000US53003,1992
05000US53005,12467
05000US53007,4770
05000US53009,6547
05000US53011,34247
05000US53013,581
05000US53015,7497
05000US53017,3695
05000US53019,1243
05000US53021,4887
05000US53023,409
05000US53025,6744
05000US53027,6891
05000US53029,6565
05000US53031,2488
05000US53033,142810
05000US53035,21191
05000US53037,3714
05000US53039,2141
05000US53041,7386
05000US53043,2120
05000US53045,4987
05000US53047,4267
05000US53049,2365
05000US53051,1682
05000US53053,64600
05000US53055,4769
05000US53057,16322
05000US53059,1683
05000US53061,53564
05000US53063,36543
05000US53065,5467
05000US53067,17251
05000US53069,456
05000US53071,5247
05000US53073,13804
05000US53075,6287
05000US53077,17538
05000US54001,1705
05000US54003,6121
05000US54005,2247
05000US54007,1539
05000US54009,2379
05000US54011,7532
05000US54013,685
05000US54015,852
05000US54017,834
05000US54019,4107
05000US54021,1050
05000US54023,1058
05000US54025,3394
05000US54027,1717
05000US54029,2565
05000US54031,1117
05000US54033,6555
05000US54035,1853
05000US54037,4368
05000US54039,15393
05000US54041,1495
05000US54043,1462
05000US54045,3052
05000US54047,2455
05000US54049,5674
05000US54051,3198
05000US54053,2075
05000US54055,4714
05000US54057,2306
05000US54059,2342
05000US54061,7768
05000US54063,1170
05000US54065,1243
05000US54067,1961
05000US54069,4929
05000US54071,939
05000US54073,1111
05000US54075,1186
05000US54077,3532
05000US54079,3958
05000US54081,5673
05000US54083,2890
05000US54085,1498
05000US54087,1475
05000US54089,1210
05000US54091,1474
05000US54093,1203
05000US54095,1340
05000US54097,1925
05000US54099,3159
05000US54101,1075
05000US54103,1717
05000US54105,531
05000US54107,7780
05000US54109,1930
05000US55001,4522
05000US55003,3916
05000US55005,10322
05000US55007,5408
05000US55009,22581
05000US55011,4865
05000US55013,5582
05000US55015,6635
05000US55017,10539
05000US55019,11565
05000US55021,11127
05000US55023,4673
05000US55025,46990
05000US55027,15467
05000US55029,5549
05000US55031,7834
05000US55033,9165
05000US55035,10950
05000US55037,1116
05000US55039,15543
05000US55041,2974
05000US55043,13192
05000US55045,7996
05000US55047,4533
05000US55049,6679
05000US55051,2033
05000US55053,6224
05000US55055,10679
05000US55057,6750
05000US55059,13105
05000US55061,4622
05000US55063,12046
05000US55065,6006
05000US55067,4768
05000US55069,5877
05000US55071,13404
05000US55073,21764
05000US55075,7715
05000US55077,4732
05000US55078,685
05000US55079,82494
05000US55081,9458
05000US55083,8259
05000US55085,5927
05000US55087,19045
05000US55089,8461
05000US55091,2572
05000US55093,8069
05000US55095,10853
05000US55097,11403
05000US55099,4756
05000US55101,16768
05000US55103,5269
05000US55105,17136
05000US55107,4864
05000US55109,11928
05000US55111,11494
05000US55113,4489
05000US55115,10567
05000US55117,14965
05000US55119,6382
05000US55121,8253
05000US55123,8738
05000US55125,4558
05000US55127,12254
05000US55129,5281
05000US55131,11584
05000US55133,36158
05000US55135,10560
05000US55137,6512
05000US55139,17951
05000US55141,12120
05000US56001,3188
05000US56003,2071
05000US56005,3001
05000US56007,2115
05000US56009,1217
05000US56011,976
05000US56013,5210
05000US56015,1722
05000US56017,689
05000US56019,621
05000US56021,6829
05000US56023,2193
05000US56025,6744
05000US56027,427
05000US56029,2106
05000US56031,807
05000US56033,2659
05000US56035,678
05000US56037,3763
05000US56039,1071
05000US56041,1735
05000US56043,929
05000US56045,769
05000US72001,1557
05000US72003,2417
05000US72005,4064
05000US72007,1570
05000US72009,1700
05000US72011,1795
05000US72013,6377
05000US72015,1024
05000US72017,1093
05000US72019,1596
05000US72021,17162
05000US72023,2359
05000US72025,9065
05000US72027,2037
05000US72029,2864
05000US72031,11375
05000US72033,2220
05000US72035,2940
05000US72037,808
05000US72039,1233
05000US72041,2992
05000US72043,2411
05000US72045,1385
05000US72047,1792
05000US72049,196
05000US72051,2214
05000US72053,2492
05000US72054,576
05000US72055,1428
05000US72057,2738
05000US72059,1554
05000US72061,6260
05000US72063,2282
05000US72065,1936
05000US72067,1336
05000US72069,3264
05000US72071,2497
05000US72073,846
05000US72075,3525
05000US72077,1958
05000US72079,1379
05000US72081,2064
05000US72083,799
05000US72085,1843
05000US72087,2350
05000US72089,1345
05000US72091,2829
05000US72093,474
05000US72095,728
05000US72097,5875
05000US72099,1900
05000US72101,1627
05000US72103,1121
05000US72105,1601
05000US72107,1617
05000US72109,1065
05000US72111,1873
05000US72113,12427
05000US72115,1361
05000US72117,964
05000US72119,3206
05000US72121,1499
05000US72123,1892
05000US72125,2210
05000US72127,28422
05000US72129,2416
05000US72131,2191
05000US72133,1380
05000US72135,3921
05000US72137,5903
05000US72139,4549
05000US72141,2314
05000US72143,2376
05000US72145,3094
05000US72147,395
05000US72149,1802
05000US72151,2294
05000US72153,2582
